sampled_at,year,month,day,country,size,toughness,toughness_sd,young's_modulus,young's_modulus_sd,tensile_strength,tensile_strength_sd,strain_at_break,strain_at_break_sd,one_percent_weightloss,five_percent_weightloss,ten_percent_weightloss,crystallinity,birefringence,birefringence_sd,diameter,diameter_sd,water_content,supercontraction,supercontraction_sd,,,,toughness,toughness_sd,young's_modulus,young's_modulus_sd,tensile_strength,tensile_strength_sd,strain_at_break,strain_at_break_sd,one_percent_weightloss,one_percent_weightloss_sd,five_percent_weightloss,five_percent_weightloss_sd,ten_percent_weightloss,ten_percent_weightloss_sd,crystallinity,crystallinity_sd,birefringence,birefringence_sd,diameter,diameter_sd,water_content_sd,water_content,supercontraction_sd,supercontraction
42816,2017,3,22,Japan,3,0.153,0.067,2.38,0.7,1.25,0.24,29.2,6,,,,5,60.2,10.3,0.6,0.04,,,,,Jan,1,,,,,,,,,,,,,,,,,,,,,,,,
42814,2017,3,20,Japan,5,0.111,0.014,2.34,0.78,0.92,0.07,29.8,4.6,191,219,246,17,62.1,31.7,0.57,0.1,9.4,,,,Feb,2,,,,,,,,,,,,,,,,,,,,,,,,
42814,2017,3,20,Japan,5,0.1,0.02,6.5,2.15,1.23,0.1,17,4.1,,,,,73.8,21.1,0.48,0.04,,,,,Mar,3,0.081857143,0.040828661,3.28,1.521474848,0.928571429,0.300828787,20.47142857,6.43466378,191,66.83607727,219,76.63403624,246,86.0820681,11,5.914354727,58.74285714,9.470232633,0.577142857,0.107532624,9.4,3.289314797,,
42815,2017,3,21,Japan,3,0.084,0.033,2.16,1.06,1.21,0.35,23.3,3.7,,,,,49.2,9.4,0.44,0.02,,,,,Apr,4,0.080846154,0.047029731,7.382307692,4.149536842,0.833076923,0.323567613,18.36153846,8.622441005,231.25,102.6558436,277.75,123.0043179,298,131.8837198,13,7.169069365,43.84,15.7859769,1.107333333,0.780619128,4.875,2.382715538,30.35,12.46343274
42815,2017,3,21,Japan,7,0.061,0.019,4.5,0.99,0.85,0.04,16.4,6.1,,,,,60.5,13,0.8,0.04,,,,,May,5,0.138945946,0.078330618,10.85756757,7.162149221,1.232432432,0.66754193,20.47837838,7.587403485,229.6153846,109.2075996,276.3846154,130.634385,299.6923077,141.3649206,14.8,9.251117174,46.26153846,14.46413097,1.507435897,1.446056916,8.876923077,4.674136034,26.5,10.16599377
42815,2017,3,21,Japan,4,0.035,0.012,2.93,1.52,0.62,0.24,14.5,1.9,,,,,42.2,8.6,0.54,0.03,,,,,June,6,0.095642857,0.042206582,8.048571429,3.372781641,0.962142857,0.375236814,18.01428571,6.042059987,219.75,97.41444109,273.25,120.9114644,294.25,130.1331967,19.6,11.89098632,41.77333333,9.520466842,1.518,0.989937372,3.125,1.437435989,34.6,13.87420628
42814,2017,3,20,Japan,8,0.029,0.011,2.15,0.73,0.42,0.06,13.1,4.6,,,,,63.2,15.9,0.61,0.06,,,,,July,7,0.109785714,0.062250844,8.659642857,4.522702658,1.225357143,0.69700922,19.07142857,8.691522297,218.7647059,109.8965742,273.1764706,136.4240115,294.7058824,146.8913747,18.38888889,10.01414193,43.63333333,13.60493193,1.299333333,1.027496072,6.411764706,3.723603594,8.4,1.484151446
42474,2016,4,14,Japan,8,0.137,0.064,7.88,1.53,0.97,0.15,23.4,8.3,224,278,296,19,33,1.9,2.16,0.04,8.1,49.5,3.1,,Aug,8,0.095157895,0.062041879,10.42578947,6.568508677,1.153684211,0.703305455,17.37368421,9.935131761,226.4444444,111.0936695,279.4444444,136.7522701,299.5555556,146.3465086,18.83333333,9.994138169,47.19545455,17.73281964,1.502727273,1.630455304,7.966666667,4.158976899,44.675,17.19573847
42475,2016,4,15,Japan,,0.132,0.011,10.7,3.5,1.08,0.12,20,1.5,,,,,52.2,15.6,0.82,0.05,,,,,Sep,9,0.111914286,0.061918556,8.273428571,4.351399448,1.058857143,0.540475142,20.45428571,9.039890496,218.75,110.096909,270.35,135.5010208,293.75,146.9558084,21.88888889,11.30190219,44.80857143,19.35377482,1.338571429,0.938555634,6.49,3.804621846,22.55294118,14.49484778
42475,2016,4,15,Japan,,0.126,0.068,8.43,4.08,0.91,0.34,21.7,8.1,,,,11,37.7,9.6,0.93,0.12,,,,,Oct,10,0.131782609,0.08420578,9.458478261,6.107636749,1.102173913,0.651329431,22.69347826,13.04848283,221.4347826,106.3353163,274.3913043,131.2331681,299.826087,143.2078636,19.4,9.6177159,46.7962963,21.77678438,1.236666667,0.784130302,5.695652174,3.131619894,28.47333333,14.22314338
42474,2016,4,14,Japan,3,0.126,0.03,7.89,2.21,0.74,0.17,26.7,5,223,275,296,13,25,6.1,2.43,0.11,3.5,,,,Nov,11,0.0885,0.057622328,6.977222222,4.680179965,0.926111111,0.501633077,18.05555556,8.868595349,211.75,102.9920562,258.375,125.739441,287.5,139.0244345,18.86666667,9.289757089,48.36,19.94452637,1.196,1.008893101,8.033333333,4.156693298,30.28,14.2892724
42475,2016,4,15,Japan,,0.124,0.022,8.39,1.05,1.07,0.15,23.1,2.8,,,,9,47,16.1,0.71,0.12,,,,,Dec,12,0.16,0.083932184,7.952,3.904557837,1.341,0.589382644,25.18,11.14160545,231.5,112.1961093,278,133.8523301,298.25,143.5291314,28.6,15.17773489,45.45,17.64636549,1.519,1.355651166,7.9,4.07522245,23.06666667,13.55054206
42475,2016,4,15,Japan,10,0.074,0.04,7.1,2.82,0.81,0.29,17,3.2,261,297,314,20,42.1,4.1,3.19,0.19,4.8,11.2,6.4,,,,,,,,,,,,,,,,,,,,,,,,,,,
42475,2016,4,15,Japan,,0.069,0.033,6.48,2.42,0.84,0.33,17.1,2.9,,,,,34.5,12.9,1.11,0.08,,,,,,,,,,,,,,,,,,,,,,,,,,,,,,
42835,2017,4,10,Japan,2,0.067,0.016,1.65,0.55,0.71,0.2,25.6,5.1,,,,,71,14.4,0.65,0.02,,,,,,,,,,,,,,,,,,,,,,,,,,,,,,
42474,2016,4,14,Japan,10,0.058,0.012,6.41,1.04,0.55,0.03,20.5,4.1,217,261,286,8,73.4,15.2,0.53,0.04,3.1,,,,,,,,,,,,,,,,,,,,,,,,,,,,,
42834,2017,4,9,Japan,8,0.055,0.024,3.23,0.92,0.97,0.07,17.9,3.9,,,,,51,14.7,0.68,0.03,,,,,,,,,,,,,,,,,,,,,,,,,,,,,,
42834,2017,4,9,Japan,7,0.034,0.015,2.57,0.42,0.54,0.19,14.4,3.7,,,,14,37.6,11.2,0.79,0.07,,,,,,,,,,,,,,,,,,,,,,,,,,,,,,
42834,2017,4,9,Japan,8,0.028,0.004,15.8,3.95,0.91,0.1,5.4,1.4,,,,,41.9,7.4,0.64,0.02,,,,,,,,,,,,,,,,,,,,,,,,,,,,,,
42835,2017,4,10,Japan,7,0.021,0.008,9.44,2.85,0.73,0.11,5.9,1.7,,,,10,65.2,14.3,0.56,0.05,,,,,,,,,,,,,,,,,,,,,,,,,,,,,,
42835,2017,4,10,Japan,8,,,,,,,,,,,,,19.3,4.4,0.65,0.03,,,,,,,,,,,,,,,,,,,,,,,,,,,,,,
42835,2017,4,10,Japan,3,,,,,,,,,,,,,26.7,3.4,0.76,0.06,,,,,,,,,,,,,,,,,,,,,,,,,,,,,,
42503,2016,5,13,Japan,5,0.421,0.111,30.4,2.5,3.06,0.37,24.1,4.1,,,,,58.9,9.7,0.72,0.03,,,,,,,,,,,,,,,,,,,,,,,,,,,,,,
42148,2015,5,24,Japan,,0.286,0.093,15.6,4.38,2.2,0.75,23.7,3.6,220,274,292,15,31.5,14.8,2.08,0.32,5.4,,,,,,,,,,,,,,,,,,,,,,,,,,,,,
42503,2016,5,13,Japan,5,0.25,0.086,16.8,3.9,2.12,0.32,20.2,4.8,,,,,52.4,15.7,0.76,0.08,,,,,,,,,,,,,,,,,,,,,,,,,,,,,,
42135,2015,5,11,Japan,,0.223,0.059,9.86,1.87,1.75,0.39,28.4,5,227,284,303,22,30.2,6.3,3.05,0.36,8.4,,,,,,,,,,,,,,,,,,,,,,,,,,,,,
42509,2016,5,19,Japan,5,0.215,0.054,8.11,1.27,2.12,0.34,19.8,2.3,,,,,51.8,10.7,0.41,0.06,,,,,,,,,,,,,,,,,,,,,,,,,,,,,,
42135,2015,5,11,Japan,,0.189,0.08,6.31,1.4,1.24,0.3,31.9,6.7,254,291,308,12,37.1,7.5,3.51,0.31,7,,,,,,,,,,,,,,,,,,,,,,,,,,,,,
42502,2016,5,12,Japan,7,0.188,0.072,16.9,1.2,1.91,0.39,24.1,7.4,,,,7,81.3,26.7,0.49,0.04,,,,,,,,,,,,,,,,,,,,,,,,,,,,,,
42502,2016,5,12,Japan,4,0.181,0.052,9.35,2.69,1.28,0.15,18.9,4.8,,,,5,38.7,9.8,0.75,0.06,,,,,,,,,,,,,,,,,,,,,,,,,,,,,,
42508,2016,5,18,Japan,4,0.181,0.042,16.6,4.2,1.84,0.36,17.9,2.2,,,,2,88.5,19.2,0.57,0.06,,,,,,,,,,,,,,,,,,,,,,,,,,,,,,
42880,2017,5,25,Japan,14,0.175,0.059,6.85,1.22,0.98,0.1,32.9,6.4,229,284,303,19,33.4,0.5,7.95,0.07,10.4,45.8,3.3,,,,,,,,,,,,,,,,,,,,,,,,,,,
42502,2016,5,12,Japan,9,0.165,0.045,8.85,1.35,1.34,0.17,19.4,3.1,213,253,295,,42.7,13,0.97,0.12,5.9,,,,,,,,,,,,,,,,,,,,,,,,,,,,,
42879,2017,5,24,Japan,11,0.156,0.026,13.1,1.86,2.06,0.25,16.6,1.6,216,278,300,,43.5,4.1,0.57,0.03,7,,,,,,,,,,,,,,,,,,,,,,,,,,,,,
42507,2016,5,17,Japan,10,0.153,0.043,8.52,1.32,1.21,0.19,23.4,4.6,248,280,296,21,35,4.6,1.89,0.07,7.7,,,,,,,,,,,,,,,,,,,,,,,,,,,,,
42879,2017,5,24,Japan,13,0.152,0.012,37,9.5,2.46,0.33,8.6,1.3,,,,,46.7,9.9,0.54,0.06,,,,,,,,,,,,,,,,,,,,,,,,,,,,,,
42504,2016,5,14,Japan,8,0.144,0.034,9.46,1.49,0.79,0.17,18.8,2.4,,,,10,40.1,7.6,2.43,0.17,,39.1,2.2,,,,,,,,,,,,,,,,,,,,,,,,,,,
42508,2016,5,18,Japan,6,0.142,0.028,15.9,8.5,1.46,0.33,17.9,5.8,,,,,63.1,10.3,0.6,0.04,,,,,,,,,,,,,,,,,,,,,,,,,,,,,,
42871,2017,5,16,Japan,10,0.14,0.017,9.3,0.93,0.97,0.09,19.4,2.5,184,266,295,24,53.8,2,1.12,0.03,12,,,,,,,,,,,,,,,,,,,,,,,,,,,,,
42135,2015,5,11,Japan,,0.129,0.063,6.72,1.5,0.62,0.14,28.9,10.6,246,288,307,13,48.9,8.1,4.68,0.54,8.3,,,,,,,,,,,,,,,,,,,,,,,,,,,,,
42879,2017,5,24,Japan,12,0.129,0.052,7.08,0.94,1.37,0.39,18.7,3.6,,,,,69.4,10.1,0.35,0.03,,,,,,,,,,,,,,,,,,,,,,,,,,,,,,
42508,2016,5,18,Japan,20,0.125,0.042,8.47,1.93,0.74,0.13,24.6,7.1,,,,10,36.3,10.8,3.71,0.26,,,,,,,,,,,,,,,,,,,,,,,,,,,,,,
42879,2017,5,24,Japan,10,0.117,0.01,11.1,2.52,1.34,0.03,15.4,0.2,,,,,64.7,12.2,0.37,0.03,,,,,,,,,,,,,,,,,,,,,,,,,,,,,,
42502,2016,5,12,Japan,4,0.116,0.053,14.9,6.6,1.45,0.55,14.8,2.6,,,,13,34.7,11.4,0.47,0.1,,23.9,0.9,,,,,,,,,,,,,,,,,,,,,,,,,,,
42508,2016,5,18,Japan,8,0.107,0.018,9.07,1.45,0.7,0.1,21,1.3,,,,3,39.4,4.9,1.33,0.08,,,,,,,,,,,,,,,,,,,,,,,,,,,,,,
42507,2016,5,17,Japan,10,0.106,0.036,10.1,2.7,0.97,0.11,16.7,3.5,,,,9,52.3,8,0.87,0.04,,,,,,,,,,,,,,,,,,,,,,,,,,,,,,
42135,2015,5,11,Japan,,0.102,0.04,2.59,1.2,0.6,0.15,31,9.7,244,287,306,28,49.6,3,2.69,0.05,8.6,,,,,,,,,,,,,,,,,,,,,,,,,,,,,
42502,2016,5,12,Japan,11,0.101,0.038,10.9,2.9,0.86,0.18,17.6,5,221,269,295,15,47.7,8.8,1.3,0.07,4.5,,,,,,,,,,,,,,,,,,,,,,,,,,,,,
42148,2015,5,24,Japan,,0.098,0.044,3.99,0.43,0.75,0.2,25.5,4.3,198,237,280,29,25.5,4.3,1.83,0.1,11.2,,,,,,,,,,,,,,,,,,,,,,,,,,,,,
42509,2016,5,19,Japan,27,0.093,0.033,7.05,1.41,0.79,0.14,20.6,3.7,,,,27,35.6,6.2,1.26,0.05,,,,,,,,,,,,,,,,,,,,,,,,,,,,,,
42502,2016,5,12,Japan,7,0.077,0.02,8.61,2.3,0.87,0.11,16.6,2.2,,,,,33.7,9.4,1.25,0.09,,,,,,,,,,,,,,,,,,,,,,,,,,,,,,
42503,2016,5,13,Japan,10,0.075,0.012,8.58,2.62,0.92,0.28,16.4,1.4,,,,9,42.5,8.9,1.18,0.09,,,,,,,,,,,,,,,,,,,,,,,,,,,,,,
42504,2016,5,14,Japan,7,0.074,0.022,10,2.4,0.81,0.04,14.2,3.6,,,,18,39.7,4.3,1.37,0.06,,10.8,6.7,,,,,,,,,,,,,,,,,,,,,,,,,,,
42880,2017,5,25,Japan,5,0.072,0.02,4.56,1.19,1.04,0.18,14.4,1.7,,,,,74.3,13.4,0.48,0.02,,,,,,,,,,,,,,,,,,,,,,,,,,,,,,
42504,2016,5,14,Japan,8,0.069,0.015,19.5,3.2,1.17,0.12,8.3,1.4,,,,,46.7,9.6,1.03,0.03,,,,,,,,,,,,,,,,,,,,,,,,,,,,,,
42503,2016,5,13,Japan,4,0.053,0.017,3.26,0.35,0.5,0.06,19.7,5.3,,,,11,39.2,12.7,1.23,0.12,,,,,,,,,,,,,,,,,,,,,,,,,,,,,,
42878,2017,5,23,Japan,8,0.05,0.013,2.19,0.37,0.36,0.09,34.5,3.8,285,302,316,14,39,5.9,1.09,0.04,19,,,,,,,,,,,,,,,,,,,,,,,,,,,,,
42509,2016,5,19,Japan,10,0.048,0.006,4.05,0.58,0.31,0.04,22.9,3.9,,,,13,29.9,9.3,1.5,0.12,,,,,,,,,,,,,,,,,,,,,,,,,,,,,,
42503,2016,5,13,Japan,12,0.039,0.009,10.1,3.6,0.64,0.1,9.9,1.6,,,,21,33.5,10.6,1.35,0.08,,12.9,3.4,,,,,,,,,,,,,,,,,,,,,,,,,,,
42879,2017,5,24,Japan,6,,,,,,,,,,,,,59.1,16.4,0.45,0.05,,,,,,,,,,,,,,,,,,,,,,,,,,,,,,
42509,2016,5,19,Japan,9,,,,,,,,,,,,,33.8,3.3,0.59,0.03,,,,,,,,,,,,,,,,,,,,,,,,,,,,,,
42913,2017,6,27,Japan,8,0.167,0.042,11,3.02,1.7,0.17,18,2.9,,,,,42.5,4.4,0.57,0.02,,,,,,,,,,,,,,,,,,,,,,,,,,,,,,
42170,2015,6,15,Japan,,0.139,0.063,6.48,3.6,1.01,0.41,26.7,6.1,,,,27,41.5,9.2,1.28,0.09,,,,,,,,,,,,,,,,,,,,,,,,,,,,,,
42913,2017,6,27,Japan,3,0.118,0.032,6.53,1.26,1.16,0.14,18.9,3.8,,,,,43.7,6.8,0.54,0.02,,,,,,,,,,,,,,,,,,,,,,,,,,,,,,
42170,2015,6,15,Japan,8,0.116,0.041,8.79,3.9,0.96,0.23,19.7,3.5,,,,15,65,10.3,1.19,0.08,,,,,,,,,,,,,,,,,,,,,,,,,,,,,,
42170,2015,6,15,Japan,7,0.112,0.019,14.9,6.2,1.18,0.17,14.2,4.1,242,282,297,31,53.5,12.6,1.33,0.22,4.4,,,,,,,,,,,,,,,,,,,,,,,,,,,,,
42541,2016,6,20,Japan,15,0.112,0.038,7.06,1.08,0.89,0.13,24.3,5.2,217,278,298,30,39.9,9.8,2.87,0.34,3,36.7,7.2,,,,,,,,,,,,,,,,,,,,,,,,,,,
42541,2016,6,20,Japan,7,0.103,0.03,8.02,2.02,0.94,0.11,21.9,2.1,,,,27,36.3,4.2,1.96,0.12,,35.5,6.9,,,,,,,,,,,,,,,,,,,,,,,,,,,
42543,2016,6,22,Japan,9,0.102,0.017,13,3.8,1.31,0.2,14.2,1.9,,,,,51.6,8.9,0.87,0.06,,,,,,,,,,,,,,,,,,,,,,,,,,,,,,
42541,2016,6,20,Japan,10,0.096,0.032,7.2,0.3,1.01,0.13,19.7,2.8,,,,4,32.6,1.2,4.46,0.08,,,,,,,,,,,,,,,,,,,,,,,,,,,,,,
42542,2016,6,21,Japan,5,0.083,0.017,6.31,0.54,0.8,0.02,18.6,3.7,,,,20,51.7,11,1.16,0.11,,,,,,,,,,,,,,,,,,,,,,,,,,,,,,
42542,2016,6,21,Japan,3,0.058,0.015,5.74,2.12,0.62,0.09,15.2,1.4,,,,5,30.1,18.7,1.26,0.32,,,,,,,,,,,,,,,,,,,,,,,,,,,,,,
42543,2016,6,22,Japan,8,0.05,0.017,5.29,2.08,0.64,0.16,16.3,0.9,,,,,37.9,6.5,1.17,0.05,,,,,,,,,,,,,,,,,,,,,,,,,,,,,,
42542,2016,6,21,Japan,8,0.05,0.014,6.33,0.26,0.7,0.08,13.1,1.5,210,273,291,21,34.3,9.5,2.09,0.31,2.4,31.6,11.5,,,,,,,,,,,,,,,,,,,,,,,,,,,
42542,2016,6,21,Japan,11,0.033,0.012,6.03,0.93,0.55,0.07,11.4,1.3,210,260,291,16,34.5,12.2,1.45,0.24,2.7,,,,,,,,,,,,,,,,,,,,,,,,,,,,,
42913,2017,6,27,Japan,6,,,,,,,,,,,,,31.5,7.1,0.57,0.03,,,,,,,,,,,,,,,,,,,,,,,,,,,,,,
42927,2017,7,11,Japan,12,0.286,0.117,9.92,1.15,2.45,0.52,27.2,5.5,212,276,297,8,43.1,3.7,0.56,0.03,7.1,,,,,,,,,,,,,,,,,,,,,,,,,,,,,
42928,2017,7,12,Japan,11,0.233,0.082,20.3,5,3.33,0.74,12.7,2,,,,,43.2,7.9,0.48,0.04,,,,,,,,,,,,,,,,,,,,,,,,,,,,,,
42564,2016,7,13,Japan,6,0.162,0.054,4.25,1.48,1.08,0.15,32.7,6.2,,,,,35.1,1.9,1.85,0.05,,,,,,,,,,,,,,,,,,,,,,,,,,,,,,
42927,2017,7,11,Japan,5,0.157,0.034,9.52,1.63,1.53,0.07,19.2,4,205,275,295,,69.4,11.4,0.33,0.03,5.8,,,,,,,,,,,,,,,,,,,,,,,,,,,,,
43301,2018,7,20,Japan,,0.152,0.051,9.1,1.5,1.28,0.22,21.9,5.5,268,299,315,8,70,6.7,0.78,0.03,14.2,,,,,,,,,,,,,,,,,,,,,,,,,,,,,
42927,2017,7,11,Japan,5,0.144,0.023,13.6,2.53,2.06,0.22,15.8,2.3,232,287,305,24,46.7,5.7,0.44,0.03,6.3,,,,,,,,,,,,,,,,,,,,,,,,,,,,,
42928,2017,7,12,Japan,9,0.135,0.034,13.7,2.94,2.34,0.36,13,2.3,197,267,295,,51.4,6.3,0.45,0.03,7.7,,,,,,,,,,,,,,,,,,,,,,,,,,,,,
42206,2015,7,21,Japan,8,0.133,0.025,11.2,5,1.12,0.15,19.3,4.4,241,285,302,20,37.5,4.2,4.54,0.25,7.2,,,,,,,,,,,,,,,,,,,,,,,,,,,,,
42194,2015,7,9,Japan,,0.126,0.072,4.31,1.1,0.71,0.2,28.2,6.2,,,,24,35.8,10.2,1.36,0.07,,,,,,,,,,,,,,,,,,,,,,,,,,,,,,
42565,2016,7,14,Japan,11,0.126,0.035,3.21,0.71,0.77,0.24,35.4,4.8,215,283,301,21,37,7.3,2.85,0.25,3.1,,,,,,,,,,,,,,,,,,,,,,,,,,,,,
42921,2017,7,5,Japan,5,0.117,0.025,9.54,2.81,1.37,0.18,14.6,1.8,208,276,296,,43.8,5.1,0.57,0.03,9,,,,,,,,,,,,,,,,,,,,,,,,,,,,,
42928,2017,7,12,Japan,11,0.117,0.026,10.1,0.52,1.89,0.24,17.9,1.4,,,,,68.7,10.4,0.36,0.02,,,,,,,,,,,,,,,,,,,,,,,,,,,,,,
42206,2015,7,21,Japan,6,0.112,0.04,11.3,0.8,1.26,0.31,17.2,4.3,198,252,286,25,37,13,1.94,0.35,1.4,,,,,,,,,,,,,,,,,,,,,,,,,,,,,
42580,2016,7,29,Japan,9,0.109,0.012,6.2,0.45,0.78,0.18,34.7,3.8,,,,12,34.6,4.6,1.1,0.08,,,,,,,,,,,,,,,,,,,,,,,,,,,,,,
42206,2015,7,21,Japan,8,0.104,0.027,12.1,2.8,0.94,0.09,17.3,4.5,233,277,295,16,31.9,14.8,3.21,0.89,5.7,,,,,,,,,,,,,,,,,,,,,,,,,,,,,
42565,2016,7,14,Japan,11,0.089,0.022,5.58,1.77,0.78,0.11,19,4,,,,20,38.8,4.5,1.77,0.07,,,,,,,,,,,,,,,,,,,,,,,,,,,,,,
42194,2015,7,9,Japan,,0.086,0.018,8.16,5.2,1.02,0.17,18.7,5.4,258,295,311,21,38.3,10.4,2.09,0.36,5.5,,,,,,,,,,,,,,,,,,,,,,,,,,,,,
42198,2015,7,13,Japan,30,0.083,0.044,11.6,2.3,0.76,0.17,16.1,5.1,206,265,292,27,34.3,9.5,2.42,0.4,5.5,,,,,,,,,,,,,,,,,,,,,,,,,,,,,
42921,2017,7,5,Japan,10,0.081,0.024,6.2,1.01,1.14,0.13,15.1,1.9,,,,,48.4,7.3,0.41,0.02,,,,,,,,,,,,,,,,,,,,,,,,,,,,,,
42927,2017,7,11,Japan,26,0.08,0.026,6.74,1.85,0.82,0.11,16.4,4.9,,,,,37.5,5.2,0.72,0.03,,,,,,,,,,,,,,,,,,,,,,,,,,,,,,
42579,2016,7,28,Japan,,0.078,0.028,5.65,1.09,0.94,0.33,16.5,2.9,204,247,271,23,36.7,8.6,1.24,0.05,5.6,,,,,,,,,,,,,,,,,,,,,,,,,,,,,
42206,2015,7,21,Japan,29,0.076,0.014,13.4,3.9,0.85,0.08,15.4,2.9,206,252,280,,42.3,8.5,2.58,0.28,4.8,,,,,,,,,,,,,,,,,,,,,,,,,,,,,
42927,2017,7,11,Japan,8,0.076,0.051,6.25,2.06,0.96,0.33,14.7,3.8,217,278,292,,49.4,8.2,0.59,0.04,5.6,,,,,,,,,,,,,,,,,,,,,,,,,,,,,
42927,2017,7,11,Japan,4,0.066,0.019,6.65,0.86,0.77,0.12,13.5,5.8,,,,,37.5,0,0.4,0.05,,,,,,,,,,,,,,,,,,,,,,,,,,,,,,
42564,2016,7,13,Japan,11,0.05,0.011,6.19,1.82,0.73,0.12,13.1,2.9,,,,19,57,17.9,0.87,0.15,,,,,,,,,,,,,,,,,,,,,,,,,,,,,,
42579,2016,7,28,Japan,11,0.049,0.016,5.91,1.64,0.8,0.12,11.5,1.8,201,248,277,16,49.4,18.7,1.14,0.26,7,8.4,7.5,,,,,,,,,,,,,,,,,,,,,,,,,,,
42927,2017,7,11,Japan,17,0.042,0.013,10.5,1.94,1.04,0.23,8.7,1.7,218,282,300,21,44.5,6.8,0.8,0.06,7.5,,,,,,,,,,,,,,,,,,,,,,,,,,,,,
42578,2016,7,27,Japan,5,0.005,0.001,1.29,0.78,0.79,0.22,28.2,7.8,,,,,18.9,3.3,2.08,0.07,,,,,,,,,,,,,,,,,,,,,,,,,,,,,,
42579,2016,7,28,Japan,3,,,,,,,,,,,,14,35.2,8.8,0.64,0.05,,,,,,,,,,,,,,,,,,,,,,,,,,,,,,
42206,2015,7,21,Japan,22,,,,,,,,,,,,12,,,,,,,,,,,,,,,,,,,,,,,,,,,,,,,,,,
42928,2017,7,12,Japan,4,,,,,,,,,,,,,55.6,8.5,0.41,0.03,,,,,,,,,,,,,,,,,,,,,,,,,,,,,,
42956,2017,8,9,Japan,,0.232,0.037,18.6,3.11,2.31,0.23,21.7,4.6,218,290,307,9,59.8,8.7,0.32,0.01,11.2,,,,,,,,,,,,,,,,,,,,,,,,,,,,,
42586,2016,8,4,Japan,4,0.192,0.078,6.59,1.96,2.18,0.74,20.8,5,,,,12,77,11.9,0.58,0.04,,,,,,,,,,,,,,,,,,,,,,,,,,,,,,
42969,2017,8,22,Japan,,0.168,0.078,8.54,1.64,1.09,0.11,30.5,12.5,201,263,290,16,42.9,3.7,1.52,0.04,10.3,,,,,,,,,,,,,,,,,,,,,,,,,,,,,
42242,2015,8,26,Japan,10,0.16,0.026,21.9,1.7,2.37,0.08,15,2.6,230,285,303,20,56.4,13.4,2.34,0.31,7.9,50.6,2.4,,,,,,,,,,,,,,,,,,,,,,,,,,,
42970,2017,8,23,Japan,3,0.131,0.061,6.31,1.22,1.7,0.36,18.9,4.7,,,,,82.7,10.3,0.33,0.03,,,,,,,,,,,,,,,,,,,,,,,,,,,,,,
42954,2017,8,7,Japan,5,0.102,0.04,10.4,1.82,1.63,0.18,13.2,2.3,,,,,60,12.2,0.36,0.03,,,,,,,,,,,,,,,,,,,,,,,,,,,,,,
42954,2017,8,7,Japan,,0.098,0.035,9.16,0.68,0.68,0.1,21.2,4.4,222,283,302,28,45.4,3.6,1.27,0.02,9.3,,,,,,,,,,,,,,,,,,,,,,,,,,,,,
42231,2015,8,15,Japan,16,0.097,0.022,9.61,0.91,1.09,0.14,16.4,2,198,240,273,23,31.6,11.5,4.56,0.39,3.4,,,,,,,,,,,,,,,,,,,,,,,,,,,,,
42586,2016,8,4,Japan,4,0.097,0.062,3.57,1.73,0.85,0.25,43.2,5.3,,,,,60.7,8.2,0.75,0.05,,,,,,,,,,,,,,,,,,,,,,,,,,,,,,
42956,2017,8,9,Japan,,0.071,0.065,14.2,3.4,0.82,0.16,14.3,10.6,,,,,47.3,7.9,0.48,0.05,,,,,,,,,,,,,,,,,,,,,,,,,,,,,,
42586,2016,8,4,Japan,4,0.068,0.03,5.98,0.53,0.83,0.11,16.4,5.2,,,,,58.1,9,0.7,0.02,,,,,,,,,,,,,,,,,,,,,,,,,,,,,,
42231,2015,8,15,Japan,19,0.062,0.018,8.31,1.1,0.87,0.06,15.2,4.8,252,289,306,19,37.5,7.7,4.94,0.49,8.8,,,,,,,,,,,,,,,,,,,,,,,,,,,,,
42587,2016,8,5,Japan,8,0.062,0.045,25.3,9.76,1.64,0.74,6.6,2.9,,,,19,33.6,9.9,0.68,0.09,,,,,,,,,,,,,,,,,,,,,,,,,,,,,,
42587,2016,8,5,Japan,4,0.059,0.018,8.93,1.99,0.68,0.13,14.4,3.3,,,,,39.3,7,0.57,0.02,,,,,,,,,,,,,,,,,,,,,,,,,,,,,,
42587,2016,8,5,Japan,3,0.053,0.015,4.07,0.76,0.58,0.09,17,2.1,,,,19,44,7.1,1.09,0.06,,,,,,,,,,,,,,,,,,,,,,,,,,,,,,
42242,2015,8,26,Japan,15,0.05,0.018,9.6,2.56,0.63,0.12,12.1,2.7,226,288,303,20,41.8,5.2,2.3,0.21,5.8,47.8,4.8,,,,,,,,,,,,,,,,,,,,,,,,,,,
42243,2015,8,27,Japan,19,0.046,0.008,5.83,0.65,0.49,0.02,18.1,2.4,248,292,308,20,23.4,4.4,6.29,0.5,9.2,47.9,2.6,,,,,,,,,,,,,,,,,,,,,,,,,,,
42587,2016,8,5,Japan,4,0.037,0.006,14.2,2.06,0.98,0.22,7,2,,,,,57.6,18.1,0.43,0.02,,,,,,,,,,,,,,,,,,,,,,,,,,,,,,
42244,2015,8,28,Japan,21,0.023,0.011,6.99,1.2,0.5,0.17,8.1,1.4,243,285,304,21,48.4,15.1,2.07,0.43,5.8,,,,,,,,,,,,,,,,,,,,,,,,,,,,,
42587,2016,8,5,Japan,12,,,,,,,,,,,,,25.9,7.3,0.37,0.04,,,,,,,,,,,,,,,,,,,,,,,,,,,,,,
42587,2016,8,5,Japan,10,,,,,,,,,,,,,28.3,7.8,0.72,0.07,,,,,,,,,,,,,,,,,,,,,,,,,,,,,,
42954,2017,8,7,Japan,5,,,,,,,,,,,,,36.6,7,0.39,0.03,,,,,,,,,,,,,,,,,,,,,,,,,,,,,,
42970,2017,8,23,Japan,,,,,,,,,,,,,,,,,,,32.4,7.3,,,,,,,,,,,,,,,,,,,,,,,,,,,
42641,2016,9,28,Japan,8,0.239,0.099,9.01,3.46,1.05,0.29,34.3,10.1,224,277,298,16,39.5,9.1,0.68,0.04,4.8,,,,,,,,,,,,,,,,,,,,,,,,,,,,,
42260,2015,9,13,Japan,11,0.203,0.032,9.4,2.73,1.34,0.17,29.2,2.1,205,261,289,28,41.3,5.6,1.18,0.04,5.2,,,,,,,,,,,,,,,,,,,,,,,,,,,,,
42274,2015,9,27,Japan,4,0.195,0.064,9.71,3.2,1.45,0.3,27.4,5.3,,,,19,53.7,9.8,0.86,0.07,,,,,,,,,,,,,,,,,,,,,,,,,,,,,,
42990,2017,9,12,Japan,,0.185,0.031,10.3,1.74,1.52,0.11,23.6,4.9,266,298,319,,51.3,6,0.46,0.02,12.9,,,,,,,,,,,,,,,,,,,,,,,,,,,,,
42274,2015,9,27,Japan,6,0.161,0.062,9.45,0.52,1.1,0.02,22.3,10.2,,,,22,49.5,14.6,0.7,0.05,,,,,,,,,,,,,,,,,,,,,,,,,,,,,,
42620,2016,9,7,Japan,5,0.159,0.021,6.59,0.96,1.21,0.09,24.5,2.4,,,,18,39.3,5.3,1.52,0.07,,,,,,,,,,,,,,,,,,,,,,,,,,,,,,
42642,2016,9,29,Japan,11,0.154,0.044,4.85,1.52,1.2,0.11,27.3,3.6,216,285,300,12,42.1,8,1.79,0.04,2.2,,,,,,,,,,,,,,,,,,,,,,,,,,,,,
42990,2017,9,12,Japan,7,0.153,0.073,5.35,0.98,1.33,0.47,27.1,5.8,,,,,41.6,4.6,0.62,0.05,,,,,,,,,,,,,,,,,,,,,,,,,,,,,,
42274,2015,9,27,Japan,5,0.144,0.029,8.9,0.95,1.21,0.09,24.3,4.3,189,223,252,19,38.1,4.7,1.45,0.06,4,,,,,,,,,,,,,,,,,,,,,,,,,,,,,
42990,2017,9,12,Japan,7,0.143,0.062,17.3,4.1,2.42,0.59,12.3,2.8,212,276,297,25,50.4,10.6,0.54,0.04,6.5,,,,,,,,,,,,,,,,,,,,,,,,,,,,,
42274,2015,9,27,Japan,6,0.139,0.007,12.9,1.3,1.25,0.23,20.2,3.9,,,,20,46.6,11.8,0.54,0.03,,,,,,,,,,,,,,,,,,,,,,,,,,,,,,
42990,2017,9,12,Japan,,0.134,0.052,14.6,2.53,1.14,0.09,21.4,8.7,227,283,300,17,54,4.1,0.46,0.02,11.4,,,,,,,,,,,,,,,,,,,,,,,,,,,,,
42260,2015,9,13,Japan,13,0.133,0.036,9.01,1.38,1.14,0.16,20.2,2.4,224,279,301,16,29.6,4.5,2.18,0.15,2.2,26.2,2.3,,,,,,,,,,,,,,,,,,,,,,,,,,,
42274,2015,9,27,Japan,4,0.131,0.03,6.97,0.46,1.36,0.09,19.8,4,265,283,294,35,43.5,8.6,1.06,0.05,7,30.6,2.4,,,,,,,,,,,,,,,,,,,,,,,,,,,
42261,2015,9,14,Japan,19,0.129,0.033,7.93,1.33,1.32,0.13,21.5,3.2,212,269,296,26,35.1,5,2.59,0.26,8.4,43.9,7.9,,,,,,,,,,,,,,,,,,,,,,,,,,,
42262,2015,9,15,Japan,7,0.121,0.042,10.3,2.9,0.73,0.12,25.9,4.8,204,253,283,23,54.6,6,1.23,0.08,8.9,24,3.4,,,,,,,,,,,,,,,,,,,,,,,,,,,
42621,2016,9,8,Japan,5,0.115,0.009,3.34,0.74,1.3,0.09,21.7,3.5,,,,18,67.6,7.4,0.69,0.04,,,,,,,,,,,,,,,,,,,,,,,,,,,,,,
42274,2015,9,27,Japan,7,0.106,0.024,8.29,1.4,0.93,0.06,20.3,1.9,237,285,303,21,43.8,5.6,2.34,0.07,2.8,17.1,6.1,,,,,,,,,,,,,,,,,,,,,,,,,,,
42991,2017,9,13,Japan,6,0.101,0.059,8.76,1.38,1.46,0.37,14.2,4.8,,,,,59.8,6,0.38,0.02,,,,,,,,,,,,,,,,,,,,,,,,,,,,,,
42260,2015,9,13,Japan,8,0.101,0.033,10.5,0.7,1.18,0.17,22.3,3.3,207,264,292,27,32.9,4,2.72,0.12,5,28.5,10.3,,,,,,,,,,,,,,,,,,,,,,,,,,,
42275,2015,9,28,Japan,9,0.097,0.051,6.42,1.1,0.75,0.25,20.9,4.4,224,274,291,27,38.7,6.9,1.64,0.18,6.8,,,,,,,,,,,,,,,,,,,,,,,,,,,,,
42274,2015,9,27,Japan,13,0.09,0.033,14.1,2.8,0.81,0.16,17.8,4.2,,,,33,55.6,9.6,0.83,0.05,,,,,,,,,,,,,,,,,,,,,,,,,,,,,,
42641,2016,9,28,Japan,,0.081,0.028,4.54,1.49,0.8,0.15,19.2,5.8,,,,,32,2.8,0.62,0.03,,,,,,,,,,,,,,,,,,,,,,,,,,,,,,
42990,2017,9,12,Japan,4,0.077,0.035,8.62,2.31,1.51,0.43,12.3,2.3,,,,,62.3,7.3,0.38,0.02,,,,,,,,,,,,,,,,,,,,,,,,,,,,,,
42261,2015,9,14,Japan,9,0.072,0.001,7.05,1.08,1.15,0.14,15,2.1,,,,,42.4,13.3,1.33,0.07,,,,,,,,,,,,,,,,,,,,,,,,,,,,,,
42274,2015,9,27,Japan,7,0.072,0.027,5.02,2,0.58,0.11,22.4,3.2,214,268,291,18,29.3,1.8,2.76,0.09,8.9,26.8,9.1,,,,,,,,,,,,,,,,,,,,,,,,,,,
42260,2015,9,13,Japan,9,0.067,0.02,7.58,1.9,0.66,0.16,17.3,5.1,,,,22,35.6,3.5,1.16,0.65,,,,,,,,,,,,,,,,,,,,,,,,,,,,,,
42261,2015,9,14,Japan,12,0.066,0.016,5.76,1.4,0.59,0.17,20.7,6.1,205,271,298,28,31.2,5.4,1.9,0.11,7.9,,,,,,,,,,,,,,,,,,,,,,,,,,,,,
42261,2015,9,14,Japan,5,0.064,0.017,10.2,1.5,0.88,0.14,13.4,1,,,,17,57.4,18.7,0.89,0.11,,,,,,,,,,,,,,,,,,,,,,,,,,,,,,
42262,2015,9,15,Japan,19,0.062,0.018,9.26,3.5,0.63,0.1,13.9,1.9,221,275,296,20,28.5,3.4,2.86,0.14,6.4,19.6,5.5,,,,,,,,,,,,,,,,,,,,,,,,,,,
42260,2015,9,13,Japan,11,0.061,0.017,10.1,2.3,1.03,0.44,12.2,2.1,194,252,285,,35.3,14.2,1.3,0.2,7.2,29.9,,,,,,,,,,,,,,,,,,,,,,,,,,,,
42260,2015,9,13,Japan,24,0.06,0.031,10.1,1.7,0.93,0.19,11.9,3.3,231,284,304,22,53.2,6.2,4.19,0.08,8.7,52.7,3,,,,,,,,,,,,,,,,,,,,,,,,,,,
42619,2016,9,6,Japan,11,0.037,0.016,2.85,1.19,0.44,0.1,17.4,3.2,198,247,286,19,68.7,10.3,0.74,0.04,2.6,,,,,,,,,,,,,,,,,,,,,,,,,,,,,
42620,2016,9,7,Japan,10,0.035,0.016,2.83,2.15,0.33,0.03,25,13.7,,,,23,41.3,5.3,1.08,0.06,,,,,,,,,,,,,,,,,,,,,,,,,,,,,,
42641,2016,9,28,Japan,10,0.03,0.014,1.68,0.2,0.33,0.06,16.7,4.6,,,,,42.5,4.1,1.18,0.05,,,,,,,,,,,,,,,,,,,,,,,,,,,,,,
42616,2016,9,3,Japan,,,,,,,,,,,,,,,,,,,1.6,1.2,,,,,,,,,,,,,,,,,,,,,,,,,,,
42637,2016,9,24,Japan,,,,,,,,,,,,,,,,,,,11.2,5,,,,,,,,,,,,,,,,,,,,,,,,,,,
42640,2016,9,27,Japan,,,,,,,,,,,,,,,,,,,15.5,4.5,,,,,,,,,,,,,,,,,,,,,,,,,,,
42624,2016,9,11,Japan,,,,,,,,,,,,,,,,,,,0.4,0.9,,,,,,,,,,,,,,,,,,,,,,,,,,,
42638,2016,9,25,Japan,,,,,,,,,,,,,,,,,,,10.3,3.4,,,,,,,,,,,,,,,,,,,,,,,,,,,
42641,2016,9,28,Japan,,,,,,,,,,,,,,,,,,,42.9,8,,,,,,,,,,,,,,,,,,,,,,,,,,,
42635,2016,9,22,Japan,,,,,,,,,,,,,,,,,,,2.2,3.6,,,,,,,,,,,,,,,,,,,,,,,,,,,
41921,2014,10,9,Japan,,0.425,0.222,17.5,8.4,2.62,0.36,31,15.5,213,279,300,17,84,39.4,1.39,0.3,6.9,,,,,,,,,,,,,,,,,,,,,,,,,,,,,
42297,2015,10,20,Japan,6,0.292,0.02,19.1,5.6,2.4,0.05,20.9,1.1,247,292,314,27,58.8,6.4,3.6,0.13,7.8,41.9,10.1,,,,,,,,,,,,,,,,,,,,,,,,,,,
41921,2014,10,9,Japan,,0.231,0.108,10.2,6.7,1.35,0.56,28.7,4.6,,,,,34.7,13.4,1.02,0.14,,,,,,,,,,,,,,,,,,,,,,,,,,,,,,
41917,2014,10,5,Japan,,0.207,0.088,10.6,1.3,1.5,0.53,25.5,3.2,,,,,69,13.2,0.87,0.07,,,,,,,,,,,,,,,,,,,,,,,,,,,,,,
42298,2015,10,21,Japan,19,0.198,0.043,16.6,5.3,1.18,0.27,25,4,259,291,307,15,28.4,3.9,2.07,0.16,3.6,10.6,1.2,,,,,,,,,,,,,,,,,,,,,,,,,,,
41931,2014,10,19,Japan,,0.193,0.063,15.3,5.4,1.43,0.5,21.4,5.5,,,,,53.8,8.5,0.94,0.05,,,,,,,,,,,,,,,,,,,,,,,,,,,,,,
42655,2016,10,12,Japan,5,0.187,0.018,9.75,0.52,1.05,0.13,26.8,0.5,223,283,303,19,47.8,2.7,2.75,0.1,1.5,,,,,,,,,,,,,,,,,,,,,,,,,,,,,
41931,2014,10,19,Japan,,0.182,0.058,8.37,2.8,1.16,0.34,28,5.5,232,309,354,,38.2,11.4,1.16,0.09,3.1,,,,,,,,,,,,,,,,,,,,,,,,,,,,,
43013,2017,10,5,Japan,,0.169,0.039,11.8,0.82,1.51,0.1,19.2,3.2,236,284,301,,50.7,2.6,3.03,0.07,7.4,,,,,,,,,,,,,,,,,,,,,,,,,,,,,
42654,2016,10,11,Japan,6,0.165,0.042,10.3,1.03,1.39,0.17,20.3,3.4,,,,,58.7,8.9,0.85,0.08,,,,,,,,,,,,,,,,,,,,,,,,,,,,,,
42298,2015,10,21,Japan,7,0.163,0.034,16.4,3.46,1.09,0.2,22.4,5.6,224,276,296,22,25.4,2.1,1.03,0.04,7.2,46.8,4.7,,,,,,,,,,,,,,,,,,,,,,,,,,,
41921,2014,10,9,Japan,,0.161,0.078,11.6,3.8,1.2,0.49,24.5,3.6,,,,,51.5,12.7,1.2,0.08,,,,,,,,,,,,,,,,,,,,,,,,,,,,,,
41917,2014,10,5,Japan,,0.158,0.058,7.19,3.4,0.87,0.15,32,8.3,252,300,320,16,30.5,7.9,1.97,0.24,3.5,,,,,,,,,,,,,,,,,,,,,,,,,,,,,
41931,2014,10,19,Japan,,0.158,0.074,8.9,3.5,1.38,0.33,21,5.5,,,,,61.3,15.2,0.61,0.08,,,,,,,,,,,,,,,,,,,,,,,,,,,,,,
41917,2014,10,5,Japan,,0.157,0.052,7.54,2.7,1.04,0.28,27.2,4.9,204,256,288,,32.9,8.5,1.75,0.29,1.2,,,,,,,,,,,,,,,,,,,,,,,,,,,,,
41921,2014,10,9,Japan,,0.149,0.045,4.4,0.8,1.15,0.46,30.7,2.6,205,255,283,11,28.2,13.3,2.47,0.17,9.9,,,,,,,,,,,,,,,,,,,,,,,,,,,,,
41929,2014,10,17,Japan,,0.143,0.054,6.34,3.3,1.04,0.09,26.8,4.2,,,,22,53.3,14,0.74,0.06,,,,,,,,,,,,,,,,,,,,,,,,,,,,,,
41929,2014,10,17,Japan,,0.139,0.037,8.23,1.5,1.13,0.11,19.8,3,,,,,47.3,5.5,1.19,0.08,,,,,,,,,,,,,,,,,,,,,,,,,,,,,,
42298,2015,10,21,Japan,6,0.138,0.025,8.62,1.2,1.08,0.06,28,4.3,198,251,282,26,41.6,8.8,1.08,0.05,9.9,,,,,,,,,,,,,,,,,,,,,,,,,,,,,
41921,2014,10,9,Japan,,0.138,0.067,7.36,2.2,0.99,0.29,24.4,4.4,,,,,45.8,7.2,1.08,0.09,,,,,,,,,,,,,,,,,,,,,,,,,,,,,,
41921,2014,10,9,Japan,,0.134,0.06,5.21,2.1,0.87,0.25,27.4,11.2,,,,,41.5,6.8,1.23,0.06,,,,,,,,,,,,,,,,,,,,,,,,,,,,,,
41929,2014,10,17,Japan,,0.133,0.031,6.89,1.4,1.09,0.25,25,2.1,,,,,42.2,8,0.94,0.06,,,,,,,,,,,,,,,,,,,,,,,,,,,,,,
41931,2014,10,19,Japan,,0.132,0.033,8.41,1.4,0.77,0.11,25.2,6,,,,,51.1,8.7,1.18,0.09,,,,,,,,,,,,,,,,,,,,,,,,,,,,,,
41929,2014,10,17,Japan,,0.131,0.073,11.7,7.2,1.13,0.62,57.1,23.8,,,,,53.7,14,0.73,0.06,,,,,,,,,,,,,,,,,,,,,,,,,,,,,,
41921,2014,10,9,Japan,,0.129,0.032,6.64,2.3,0.87,0.23,26.8,2.9,189,224,261,,33.6,5.5,1.74,0.09,7.1,,,,,,,,,,,,,,,,,,,,,,,,,,,,,
41921,2014,10,9,Japan,,0.121,0.036,4.2,0.7,0.99,0.47,53.2,3.7,227,286,306,23,38.1,11.3,2.54,0.25,7.7,,,,,,,,,,,,,,,,,,,,,,,,,,,,,
42291,2015,10,14,Japan,,0.12,0.031,7.57,1.5,0.75,0.06,27.2,7.2,209,267,293,19,36.1,6.5,1.84,0.17,7.8,47.4,7,,,,,,,,,,,,,,,,,,,,,,,,,,,
41929,2014,10,17,Japan,,0.114,0.051,8.82,1.2,0.89,0.14,21,5.4,,,,,47.4,7.6,0.88,0.04,,,,,,,,,,,,,,,,,,,,,,,,,,,,,,
43021,2017,10,13,Japan,11,0.114,0.019,33.5,5.5,2.64,0.14,8.9,1.3,205,268,297,6,58.4,7.2,0.43,0.03,9.1,11.5,4,,,,,,,,,,,,,,,,,,,,,,,,,,,
43019,2017,10,11,Japan,3,0.112,0.049,13.1,2.8,2.13,0.6,11.2,1.7,,,,,65.7,10.6,0.37,0.02,,,,,,,,,,,,,,,,,,,,,,,,,,,,,,
42298,2015,10,21,Japan,7,0.106,0.025,13,0.6,0.79,0.15,20.3,4.8,204,252,286,31,55,7.6,1.07,0.05,8.3,21,10.6,,,,,,,,,,,,,,,,,,,,,,,,,,,
42654,2016,10,11,Japan,2,0.094,0.039,10.7,1.3,1.14,0.02,11.3,0.5,,,,,21.7,3.3,0.63,0.04,,,,,,,,,,,,,,,,,,,,,,,,,,,,,,
42653,2016,10,10,Japan,3,0.09,0.007,4.64,2.43,1,0.04,20.2,1.9,,,,,33.5,4.2,0.59,0.02,,,,,,,,,,,,,,,,,,,,,,,,,,,,,,
41921,2014,10,9,Japan,,0.086,0.013,5.48,1.2,0.65,0.14,22.5,5,216,278,301,31,41.7,13.1,1.91,0.21,4.1,,,,,,,,,,,,,,,,,,,,,,,,,,,,,
42654,2016,10,11,Japan,,0.084,0.025,6.41,1.35,1.04,0.15,17.9,3.8,220,281,303,20,35.8,3.5,2.44,0.13,2.6,33.3,2,,,,,,,,,,,,,,,,,,,,,,,,,,,
42298,2015,10,21,Japan,12,0.079,0.013,6.36,2,0.67,0.01,21.3,5.8,,,,,35.4,14.9,0.87,0.08,,,,,,,,,,,,,,,,,,,,,,,,,,,,,,
42291,2015,10,14,Japan,7,0.076,0.073,6.68,1.2,0.76,0.25,16,3.7,197,263,298,18,36.8,5.8,1.19,0.06,5.1,,,,,,,,,,,,,,,,,,,,,,,,,,,,,
41931,2014,10,19,Japan,,0.076,0.032,6.03,0.85,0.64,0.1,20.3,7.1,,,,,33.6,13.5,1.16,0.09,,,,,,,,,,,,,,,,,,,,,,,,,,,,,,
41931,2014,10,19,Japan,,0.076,0.034,5.14,1.3,0.54,0.1,20.2,5,,,,,42.8,8.2,1.67,0.04,,,,,,,,,,,,,,,,,,,,,,,,,,,,,,
42291,2015,10,14,Japan,6,0.064,0.01,10,1.5,0.86,0.16,16.2,1.5,199,257,289,26,52.9,11.2,0.92,0.03,4.7,,,,,,,,,,,,,,,,,,,,,,,,,,,,,
42653,2016,10,10,Japan,4,0.062,0.03,9.06,5.06,0.84,0.19,13,5.3,213,273,299,,66.7,12.2,0.67,0.05,3.3,,,,,,,,,,,,,,,,,,,,,,,,,,,,,
42654,2016,10,11,Japan,4,0.051,0.013,2.98,0.04,0.49,0.05,22.2,2.6,282,300,314,,39.5,2.8,1.13,0.03,6.9,,,,,,,,,,,,,,,,,,,,,,,,,,,,,
42655,2016,10,12,Japan,15,0.04,0.017,5.63,1.45,0.6,0.06,11.9,3.4,,,,,48.4,9.2,1.28,0.15,,,,,,,,,,,,,,,,,,,,,,,,,,,,,,
42654,2016,10,11,Japan,5,0.031,0.02,8.74,3.19,0.72,0.29,7.7,1.9,,,,,47.7,7.7,0.69,0.03,,,,,,,,,,,,,,,,,,,,,,,,,,,,,,
42655,2016,10,12,Japan,6,0.029,0.012,7.85,1.29,0.72,0.17,6.7,1.9,,,,,58.2,11.6,0.67,0.04,,,,,,,,,,,,,,,,,,,,,,,,,,,,,,
42655,2016,10,12,Japan,5,0.025,0.008,4.25,2.39,0.55,0.1,9.6,1.9,,,,,61.3,9,0.77,0.05,,,,,,,,,,,,,,,,,,,,,,,,,,,,,,
41929,2014,10,17,Japan,,,,,,,,,,,,,,44.2,8.9,1.08,0.08,,,,,,,,,,,,,,,,,,,,,,,,,,,,,,
41929,2014,10,17,Japan,,,,,,,,,,,,,,36,7.2,0.93,0.06,,,,,,,,,,,,,,,,,,,,,,,,,,,,,,
41917,2014,10,5,Japan,,,,,,,,,,,,,12,,,,,,,,,,,,,,,,,,,,,,,,,,,,,,,,,,
41931,2014,10,19,Japan,,,,,,,,,,,,,,89.3,24.2,0.45,0.06,,,,,,,,,,,,,,,,,,,,,,,,,,,,,,
41921,2014,10,9,Japan,,,,,,,,,,,,,12,,,,,,,,,,,,,,,,,,,,,,,,,,,,,,,,,,
41929,2014,10,17,Japan,,,,,,,,,,,,,,51.3,14.6,0.66,0.09,,,,,,,,,,,,,,,,,,,,,,,,,,,,,,
41929,2014,10,17,Japan,,,,,,,,,,,,,,52.1,10.7,0.69,0.05,,,,,,,,,,,,,,,,,,,,,,,,,,,,,,
41931,2014,10,19,Japan,,,,,,,,,,,,,,39.6,7.7,0.92,0.04,,,,,,,,,,,,,,,,,,,,,,,,,,,,,,
42668,2016,10,25,Japan,,,,,,,,,,,,,,,,,,,47.3,3.9,,,,,,,,,,,,,,,,,,,,,,,,,,,
42649,2016,10,6,Japan,,,,,,,,,,,,,,,,,,,53.2,5.4,,,,,,,,,,,,,,,,,,,,,,,,,,,
41931,2014,10,19,Japan,,,,,,,,,,,,,,56.2,11.5,0.89,0.06,,,,,,,,,,,,,,,,,,,,,,,,,,,,,,
42649,2016,10,6,Japan,,,,,,,,,,,,,,,,,,,21.8,12,,,,,,,,,,,,,,,,,,,,,,,,,,,
41921,2014,10,9,Japan,,,,,,,,,,,,,15,,,,,,,,,,,,,,,,,,,,,,,,,,,,,,,,,,
42649,2016,10,6,Japan,,,,,,,,,,,,,,,,,,,10.6,2.5,,,,,,,,,,,,,,,,,,,,,,,,,,,
42649,2016,10,6,Japan,,,,,,,,,,,,,,,,,,,4.1,2,,,,,,,,,,,,,,,,,,,,,,,,,,,
42660,2016,10,17,Japan,,,,,,,,,,,,,,,,,,,8.6,4.3,,,,,,,,,,,,,,,,,,,,,,,,,,,
41921,2014,10,9,Japan,,,,,,,,,,239,286,301,,,,,,2.3,,,,,,,,,,,,,,,,,,,,,,,,,,,,,
41931,2014,10,19,Japan,,,,,,,,,,,,,,37.6,11.9,0.82,0.1,,,,,,,,,,,,,,,,,,,,,,,,,,,,,,
42665,2016,10,22,Japan,,,,,,,,,,,,,,,,,,,35.5,5.7,,,,,,,,,,,,,,,,,,,,,,,,,,,
42647,2016,10,4,Japan,,,,,,,,,,,,,,,,,,,33.5,9.4,,,,,,,,,,,,,,,,,,,,,,,,,,,
42328,2015,11,20,Japan,18,0.179,0.035,11.7,1.9,1.48,0.28,22.7,0.9,246,288,306,20,38.3,9.1,4.55,0.07,7.3,48.4,10.1,,,,,,,,,,,,,,,,,,,,,,,,,,,
42327,2015,11,19,Japan,7,0.174,0.06,16.4,3.5,1.87,0.19,18.7,6,,,,,66.8,9.1,0.33,0.02,,,,,,,,,,,,,,,,,,,,,,,,,,,,,,
42327,2015,11,19,Japan,7,0.165,0.035,9.5,2.4,1.31,0.26,25.1,5.9,,,,19,31.6,10.3,1.63,0.27,,27.3,4.6,,,,,,,,,,,,,,,,,,,,,,,,,,,
42681,2016,11,7,Japan,4,0.14,0.051,2.44,0.63,1.23,0.17,30.9,7.4,189,207,261,19,72.7,9.1,0.65,0.04,3.9,,,,,,,,,,,,,,,,,,,,,,,,,,,,,
42328,2015,11,20,Japan,8,0.127,0.038,6.85,2.3,1.03,0.24,25.3,2.4,250,295,316,30,31.1,6.5,2.7,0.39,1.9,37.3,4.7,,,,,,,,,,,,,,,,,,,,,,,,,,,
42328,2015,11,20,Japan,12,0.114,0.04,13.7,1.5,1.35,0.15,16.5,4.5,,,,21,36.3,12.8,0.81,0.07,,,,,,,,,,,,,,,,,,,,,,,,,,,,,,
42327,2015,11,19,Japan,4,0.095,0.022,8.1,3.7,0.81,0.1,20.8,3.4,,,,,47.9,7.9,0.89,0.06,,,,,,,,,,,,,,,,,,,,,,,,,,,,,,
42328,2015,11,20,Japan,6,0.093,0.026,7.1,0.47,0.99,0.05,20.5,4,,,,18,41.4,2.3,1.61,0.04,,,,,,,,,,,,,,,,,,,,,,,,,,,,,,
42681,2016,11,7,Japan,4,0.088,0.027,3.41,0.03,0.81,0.19,24.5,1.3,235,282,305,15,77.9,14.1,0.64,0.05,,31.8,6.8,,,,,,,,,,,,,,,,,,,,,,,,,,,
42702,2016,11,28,Japan,5,0.085,0.01,4.42,1.17,0.76,0.06,18.5,4.9,,,,16,47.8,14.9,0.64,0.02,,,,,,,,,,,,,,,,,,,,,,,,,,,,,,
42328,2015,11,20,Japan,5,0.07,0.019,11.1,3.8,0.78,0.09,13.1,5,187,213,243,17,47.8,15.5,0.73,0.07,13,,,,,,,,,,,,,,,,,,,,,,,,,,,,,
42681,2016,11,7,Japan,6,0.07,0.038,10.6,2.81,0.9,0.1,10.8,3.6,,,,,36.7,3.8,0.57,0.03,,,,,,,,,,,,,,,,,,,,,,,,,,,,,,
42681,2016,11,7,Japan,7,0.058,0.013,5.01,1.2,0.91,0.21,13.2,2.8,196,276,299,16,61.9,12.4,0.68,0.04,,,,,,,,,,,,,,,,,,,,,,,,,,,,,,
42702,2016,11,28,Japan,7,0.043,0.014,2.09,0.61,0.53,0.06,18.4,3.7,198,245,277,16,25.7,3.7,0.89,0.03,10.6,,3,,,,,,,,,,,,,,,,,,,,,,,,,,,
42681,2016,11,7,Japan,2,0.036,0.012,2.75,0.66,0.65,0.1,14.6,4,,,,,42.1,8,0.56,0.03,,,,,,,,,,,,,,,,,,,,,,,,,,,,,,
42702,2016,11,28,Japan,7,0.028,0.009,2.11,0.81,0.46,0.06,14.7,3.2,193,261,293,15,68.8,8.3,0.7,0.04,11.5,,,,,,,,,,,,,,,,,,,,,,,,,,,,,
42702,2016,11,28,Japan,7,0.014,0.002,5.46,0.86,0.49,0.05,6.9,0.4,,,,20,61.5,10.1,0.77,0.07,,,,,,,,,,,,,,,,,,,,,,,,,,,,,,
42702,2016,11,28,Japan,9,0.014,0.004,2.85,0.55,0.31,0.06,9.8,1.5,,,,22,39,8.5,1.45,0.15,,,,,,,,,,,,,,,,,,,,,,,,,,,,,,
42328,2015,11,20,Japan,3,,,,,,,,,,,,19,,,,,,,,,,,,,,,,,,,,,,,,,,,,,,,,,,
42682,2016,11,8,Japan,5,,,,,,,,,,,,,34.6,2.1,2.53,0.03,,,,,,,,,,,,,,,,,,,,,,,,,,,,,,
42702,2016,11,28,Japan,2,,,,,,,,,,,,,57.3,22.9,0.59,0.03,,,,,,,,,,,,,,,,,,,,,,,,,,,,,,
42694,2016,11,20,Japan,,,,,,,,,,,,,,,,,,,6.6,4.7,,,,,,,,,,,,,,,,,,,,,,,,,,,
41981,2014,12,8,Japan,,0.292,0.04,7,2.5,1.72,0.33,41.8,6.8,,,,26,39.6,10.4,2.75,0.09,,,,,,,,,,,,,,,,,,,,,,,,,,,,,,
41981,2014,12,8,Japan,,0.245,0.094,6.5,1.4,1.74,0.8,32.7,7.4,,,,,37.2,17.1,1.89,0.18,,,,,,,,,,,,,,,,,,,,,,,,,,,,,,
43078,2017,12,9,Japan,11,0.206,0.033,7.14,1.61,1.5,0.15,25.9,1.8,235,286,302,30,41.2,3.6,2.2,0.14,9,43.2,7.4,,,,,,,,,,,,,,,,,,,,,,,,,,,
43076,2017,12,7,Japan,13,0.204,0.101,10.1,1.58,1.91,0.26,21.9,8.5,209,265,288,36,50.1,6.9,0.46,0.03,7,24.2,5.3,,,,,,,,,,,,,,,,,,,,,,,,,,,
43077,2017,12,8,Japan,,0.183,0.051,13.3,1.45,1.84,0.18,19,3.1,267,288,306,15,57,6.4,0.43,0.02,11.1,,,,,,,,,,,,,,,,,,,,,,,,,,,,,
41981,2014,12,8,Japan,,0.128,0.032,6.17,0.79,0.92,0.15,25.7,3.7,,,,,41,7.8,1.72,0.13,,,,,,,,,,,,,,,,,,,,,,,,,,,,,,
43077,2017,12,8,Japan,3,0.118,0.019,10.9,4.11,1.45,0.07,18.2,4.4,,,,,46.1,6.7,0.45,0.04,,,,,,,,,,,,,,,,,,,,,,,,,,,,,,
41981,2014,12,8,Japan,,0.09,0.013,3.15,0.7,0.52,0.08,36.1,7.5,,,,,18.7,2.8,4.63,0.48,,,,,,,,,,,,,,,,,,,,,,,,,,,,,,
43077,2017,12,8,Japan,3,0.068,0.027,3.26,0.77,0.76,0.12,19.8,4.3,,,,,60.9,7.1,0.38,0.02,,,,,,,,,,,,,,,,,,,,,,,,,,,,,,
43078,2017,12,9,Japan,8,0.066,0.036,12,3.15,1.05,0.2,10.7,3.1,215,273,297,36,62.7,9,0.28,0.01,4.5,,,,,,,,,,,,,,,,,,,,,,,,,,,,,
42708,2016,12,4,Japan,,,,,,,,,,,,,,,,,,,1.8,1.6,,,,,,,,,,,,,,,,,,,,,,,,,,,
