month_fraction,year,month,day,country,size,toughness,toughness_sd,young's_modulus,young's_modulus_sd,tensile_strength,tensile_strength_sd,strain_at_break,strain_at_break_sd,one_percent_weightloss,five_percent_weightloss,ten_percent_weightloss,crystallinity,birefringence,birefringence_sd,diameter,diameter_sd,water_content,supercontraction,supercontraction_sd,,,,toughness,toughness_sd,young's_modulus,young's_modulus_sd,tensile_strength,tensile_strength_sd,strain_at_break,strain_at_break_sd,one_percent_weightloss,one_percent_weightloss_sd,five_percent_weightloss,five_percent_weightloss_sd,ten_percent_weightloss,ten_percent_weightloss_sd,crystallinity,crystallinity_sd,birefringence,birefringence_sd,diameter,diameter_sd,water_content_sd,water_content,supercontraction_sd,supercontraction
1.8,2017,1,24,India,13,0.212,0.055,7.16,2.53,1.52,0.27,31.4,3.6,241,287,305,15,33.8,2.1,2.05,0.03,7.6,45.2,14.3,,Jan,1,0.103611111,0.052236789,5.725555556,2.332969548,1.030555556,0.396841309,20.3,6.654321904,218.6666667,109.6534946,280.8888889,140.492476,303.8888889,151.9811656,18.1875,6.930207629,47.25,17.01366281,1.398333333,0.710393084,7.033333333,4.014591442,21.55714286,14.84375102
1.8,2017,1,24,India,9,0.182,0.046,6.67,3.06,0.86,0.1,36,6.8,,,,10,43.7,4.8,1.14,0.03,,,,,Feb,2,,,,,,,,,,,,,,,,,,,,,,,,
1.8,2017,1,24,India,18,0.161,0.093,9.19,3.16,1.86,0.41,16.8,6.1,219,285,308,24,42.4,5.3,0.52,0.03,7.6,11.2,2.6,,Mar,3,0.543823529,1.615300272,5.428235294,2.753582127,1.592941176,2.375244296,27.39411765,10.04141252,215.2857143,119.3393289,241.7142857,133.8274208,256.5714286,141.6569764,16.09090909,8.513372343,45.37058824,14.58430924,3.188823529,4.773401651,7.914285714,5.651450498,,
1.833333333,2017,1,25,India,10,0.16,0.049,5.85,0.31,1.32,0.16,24.8,5.8,,,,16,37.6,1.8,2.78,0.09,,,,,Apr,4,0.1032,0.059575114,7.00475,4.070742382,1.101,0.551365323,19.6225,9.411410287,224.4545455,113.3556077,273.9090909,137.3983847,295.9545455,148.1590805,12.95454545,7.664821164,47.34186047,15.09560356,0.870465116,0.690416204,7.995454545,4.823780516,27.25,11.40777134
1.8,2017,1,24,India,11,0.135,0.079,9.38,4.24,1.17,0.35,19.7,6.6,222,280,301,20,55.7,17.6,0.98,0.2,8.4,,,,May,5,0.138945946,0.078330618,10.85756757,7.162149221,1.232432432,0.66754193,20.47837838,7.587403485,229.6153846,109.2075996,276.3846154,130.634385,299.6923077,141.3649206,14.8,9.251117174,46.26153846,14.46413097,1.507435897,1.446056916,8.876923077,4.674136034,26.5,10.16599377
1.833333333,2017,1,25,India,,0.126,0.035,9.24,2.54,1.36,0.35,20.4,3.8,,,,14,46.2,46.7,1.08,0.49,,,,,Jun,6,0.131821429,0.076309614,8.299285714,4.305978348,1.191428571,0.580904064,20.95,7.882308065,232,105.7393473,281.5555556,127.9246169,300.3333333,136.3833353,15.59090909,9.843732192,43.63548387,10.6966847,1.177096774,0.86314576,4.066666667,2.164436804,36.925,12.48120001
1.8,2017,1,24,India,8,0.126,0.01,7.13,1.53,1,0.11,23.2,2.6,,,,,46.1,3.7,2.08,0.11,,,,,Jul,7,0.109859649,0.057642817,9.140175439,5.41799243,1.22877193,0.616874367,17.63157895,7.957366256,225.1818182,113.5887755,277.3030303,138.9555338,298.2424242,149.2674266,17.63157895,10.03426746,44.05901639,14.14283028,1.288688525,1.017141452,8.481818182,5.337755913,38.8,12.98941727
1.833333333,2017,1,25,India,,0.109,0.026,5.85,2.79,0.89,0.2,26.5,4,225,276,296,18,34.6,2.8,2.42,0.08,0.2,5.4,3.2,,Aug,8,0.095157895,0.062041879,10.42578947,6.568508677,1.153684211,0.703305455,17.37368421,9.935131761,226.4444444,111.0936695,279.4444444,136.7522701,299.5555556,146.3465086,18.83333333,9.994138169,47.19545455,17.73281964,1.502727273,1.630455304,7.966666667,4.158976899,44.675,17.19573847
1.8,2017,1,24,India,7,0.099,0.032,2.49,1.28,1.06,0.44,25.8,3.1,,,,,60.3,12.9,0.75,0.06,,,,,Sep,9,0.112325581,0.05967378,8.730697674,4.301859765,1.052790698,0.502928265,20.21162791,8.522199012,221,110.9507296,273.5925926,136.8429479,296.7037037,148.1446982,21.94285714,10.87705843,44.86744186,18.11903982,1.617209302,1.181004386,6.444444444,3.766802357,25.93913043,16.98413895
1.8,2017,1,24,India,10,0.091,0.03,4.16,0.43,1.03,0.17,18.6,4,,,,15,19.5,4.3,0.66,0.05,,,,,Oct,10,0.154381579,0.093269346,10.2325,5.84872551,1.216578947,0.655518739,23.29078947,12.76877188,223.4651163,111.8929062,278.6744186,138.9751173,301.4651163,150.1780508,25.52173913,14.09453142,46.26666667,18.87200123,1.675238095,1.229518594,5.648837209,3.117027156,31.10571429,17.30330278
1.8,2017,1,24,India,24,0.089,0.026,5.59,1.75,0.98,0.18,19.5,2.9,217,276,299,19,34.7,1.4,1.95,0.05,7.3,35.6,9.9,,Nov,11,0.09655,0.065795003,7.517,4.992575992,1.0005,0.577376688,18.17,8.937466308,214.5,106.1741965,262.7,130.051965,290.1,142.7808054,18.27777778,8.752965212,47.93043478,18.80741301,1.345217391,1.033937251,7.9,4.242501149,32.9,15.60931722
1.8,2017,1,24,India,7,0.089,0.04,6.07,1.1,1.06,0.09,16.5,5.1,,,,24,45.4,3.4,1.69,0.04,,,,,Dec,12,0.16,0.083932184,7.952,3.904557837,1.341,0.589382644,25.18,11.14160545,231.5,112.1961093,278,133.8523301,298.25,143.5291314,28.6,15.17773489,45.45,17.64636549,1.519,1.355651166,7.9,4.07522245,23.06666667,13.55054206
1.833333333,2017,1,25,India,,0.08,0.01,3.53,0.72,1.13,0.31,18.5,1.5,,,,14,66.9,12.3,0.65,0.04,,,,,,,,,,,,,,,,,,,,,,,,,,,,,,
1.833333333,2017,1,25,India,11,0.064,0.024,7.7,1.04,1.43,0.56,7.8,4.4,,,,17,96.6,16.4,0.48,0.04,,,,,,,,,,,,,,,,,,,,,,,,,,,,,,
1.833333333,2017,1,25,India,,0.063,0.012,4.11,1.22,0.72,0.13,19,2.1,229,288,312,22,38.7,4.1,2.33,0.1,5.2,41.1,11.8,,,,,,,,,,,,,,,,,,,,,,,,,,,
1.833333333,2017,1,25,India,8,0.043,0.019,5.08,1.52,0.67,0.12,12.2,2.5,209,280,307,23,70.2,14.9,0.72,0.05,7.6,6.1,2.5,,,,,,,,,,,,,,,,,,,,,,,,,,,
1.8,2017,1,24,India,12,0.021,0.007,2.85,1.36,0.32,0.04,13.4,5.9,200,272,301,16,41.2,8,1.31,0.03,9.3,6.3,4.8,,,,,,,,,,,,,,,,,,,,,,,,,,,
1.833333333,2017,1,25,India,,0.015,0.008,1.01,0.3,0.17,0.05,15.3,2.7,206,284,306,24,36.9,25.1,1.58,0.52,10.1,,,,,,,,,,,,,,,,,,,,,,,,,,,,,
2,,2,,,,,,,,,,,,,,,,,,,,,,,,,,,,,,,,,,,,,,,,,,,,,,,,,
3.733333333,2017,3,22,Japan,3,0.153,0.067,2.38,0.7,1.25,0.24,29.2,6,,,,5,60.2,10.3,0.6,0.04,,,,,,,,,,,,,,,,,,,,,,,,,,,,,,
3.666666667,2017,3,20,Japan,5,0.111,0.014,2.34,0.78,0.92,0.07,29.8,4.6,191,219,246,17,62.1,31.7,0.57,0.1,9.4,,,,,,,,,,,,,,,,,,,,,,,,,,,,,
3.666666667,2017,3,20,Japan,5,0.1,0.02,6.5,2.15,1.23,0.1,17,4.1,,,,,73.8,21.1,0.48,0.04,,,,,,,,,,,,,,,,,,,,,,,,,,,,,,
3.7,2017,3,21,Japan,3,0.084,0.033,2.16,1.06,1.21,0.35,23.3,3.7,,,,,49.2,9.4,0.44,0.02,,,,,,,,,,,,,,,,,,,,,,,,,,,,,,
3.7,2017,3,21,Japan,7,0.061,0.019,4.5,0.99,0.85,0.04,16.4,6.1,,,,,60.5,13,0.8,0.04,,,,,,,,,,,,,,,,,,,,,,,,,,,,,,
3.7,2017,3,21,Japan,4,0.035,0.012,2.93,1.52,0.62,0.24,14.5,1.9,,,,,42.2,8.6,0.54,0.03,,,,,,,,,,,,,,,,,,,,,,,,,,,,,,
3.666666667,2017,3,20,Japan,8,0.029,0.011,2.15,0.73,0.42,0.06,13.1,4.6,,,,,63.2,15.9,0.61,0.06,,,,,,,,,,,,,,,,,,,,,,,,,,,,,,
3.1,2015,3,3,Malaysia,,0.262,0.109,12.3,10.3,1.84,0.49,26.4,2.7,,,,24,50.1,18.3,1.47,0.21,,,,,,,,,,,,,,,,,,,,,,,,,,,,,,
3.066666667,2015,3,2,Malaysia,,0.252,0.086,5.8,3.5,1.34,0.44,40,11.9,274,294,307,17,41.6,5,3.14,0.21,4.3,,,,,,,,,,,,,,,,,,,,,,,,,,,,,
3.066666667,2015,3,2,Malaysia,,0.195,0.043,6.16,0.58,1.01,0.21,36.2,6.4,,,,15,39.1,13.4,2.38,0.3,,,,,,,,,,,,,,,,,,,,,,,,,,,,,,
3.066666667,2015,3,2,Malaysia,,0.179,0.029,6.3,0.8,1.04,0.1,28.9,2.3,260,296,311,13,42.3,3.6,5.58,0.24,4.4,,,,,,,,,,,,,,,,,,,,,,,,,,,,,
3.066666667,2015,3,2,Malaysia,,0.17,0.026,4.71,1.5,0.55,0.09,49.9,7.5,246,287,304,16,36.2,4.3,6.29,0.08,5,,,,,,,,,,,,,,,,,,,,,,,,,,,,,
3.066666667,2015,3,2,Malaysia,,0.157,0.099,4.5,2.3,0.83,0.42,35.5,8,267,294,309,16,26.9,16.9,3,0.91,4.5,,,,,,,,,,,,,,,,,,,,,,,,,,,,,
3.066666667,2015,3,2,Malaysia,,0.155,0.092,9.3,3.5,0.82,0.2,34.4,7.7,,,,21,33.4,12.3,2.06,0.2,,,,,,,,,,,,,,,,,,,,,,,,,,,,,,
3.066666667,2015,3,2,Malaysia,,0.151,0.119,4.5,1.5,0.83,0.46,31.8,13,254,286,302,15,25.7,5.2,3.46,0.17,4.8,,,,,,,,,,,,,,,,,,,,,,,,,,,,,
3.066666667,2015,3,2,Malaysia,,0.151,0.027,6.75,1.6,1.32,0.24,26.3,3.1,,,,,45.8,16.2,1.79,0.14,,,,,,,,,,,,,,,,,,,,,,,,,,,,,,
4.466666667,2016,4,14,Japan,8,0.137,0.064,7.88,1.53,0.97,0.15,23.4,8.3,224,278,296,19,33,1.9,2.16,0.04,8.1,49.5,3.1,,,,,,,,,,,,,,,,,,,,,,,,,,,
4.5,2016,4,15,Japan,,0.132,0.011,10.7,3.5,1.08,0.12,20,1.5,,,,,52.2,15.6,0.82,0.05,,,,,,,,,,,,,,,,,,,,,,,,,,,,,,
4.5,2016,4,15,Japan,,0.126,0.068,8.43,4.08,0.91,0.34,21.7,8.1,,,,11,37.7,9.6,0.93,0.12,,,,,,,,,,,,,,,,,,,,,,,,,,,,,,
4.466666667,2016,4,14,Japan,3,0.126,0.03,7.89,2.21,0.74,0.17,26.7,5,223,275,296,13,25,6.1,2.43,0.11,3.5,,,,,,,,,,,,,,,,,,,,,,,,,,,,,
4.5,2016,4,15,Japan,,0.124,0.022,8.39,1.05,1.07,0.15,23.1,2.8,,,,9,47,16.1,0.71,0.12,,,,,,,,,,,,,,,,,,,,,,,,,,,,,,
4.5,2016,4,15,Japan,10,0.074,0.04,7.1,2.82,0.81,0.29,17,3.2,261,297,314,20,42.1,4.1,3.19,0.19,4.8,11.2,6.4,,,,,,,,,,,,,,,,,,,,,,,,,,,
4.5,2016,4,15,Japan,,0.069,0.033,6.48,2.42,0.84,0.33,17.1,2.9,,,,,34.5,12.9,1.11,0.08,,,,,,,,,,,,,,,,,,,,,,,,,,,,,,
4.333333333,2017,4,10,Japan,2,0.067,0.016,1.65,0.55,0.71,0.2,25.6,5.1,,,,,71,14.4,0.65,0.02,,,,,,,,,,,,,,,,,,,,,,,,,,,,,,
4.466666667,2016,4,14,Japan,10,0.058,0.012,6.41,1.04,0.55,0.03,20.5,4.1,217,261,286,8,73.4,15.2,0.53,0.04,3.1,,,,,,,,,,,,,,,,,,,,,,,,,,,,,
4.3,2017,4,9,Japan,8,0.055,0.024,3.23,0.92,0.97,0.07,17.9,3.9,,,,,51,14.7,0.68,0.03,,,,,,,,,,,,,,,,,,,,,,,,,,,,,,
4.3,2017,4,9,Japan,7,0.034,0.015,2.57,0.42,0.54,0.19,14.4,3.7,,,,14,37.6,11.2,0.79,0.07,,,,,,,,,,,,,,,,,,,,,,,,,,,,,,
4.3,2017,4,9,Japan,8,0.028,0.004,15.8,3.95,0.91,0.1,5.4,1.4,,,,,41.9,7.4,0.64,0.02,,,,,,,,,,,,,,,,,,,,,,,,,,,,,,
4.333333333,2017,4,10,Japan,7,0.021,0.008,9.44,2.85,0.73,0.11,5.9,1.7,,,,10,65.2,14.3,0.56,0.05,,,,,,,,,,,,,,,,,,,,,,,,,,,,,,
4.333333333,2017,4,10,Japan,8,,,,,,,,,,,,,19.3,4.4,0.65,0.03,,,,,,,,,,,,,,,,,,,,,,,,,,,,,,
4.333333333,2017,4,10,Japan,3,,,,,,,,,,,,,26.7,3.4,0.76,0.06,,,,,,,,,,,,,,,,,,,,,,,,,,,,,,
4.566666667,2017,4,17,Malaysia,,0.241,0.059,12.8,2.34,1.56,0.13,27.6,6.2,216,279,278,8,65.4,8.7,0.47,0.03,7.5,,,,,,,,,,,,,,,,,,,,,,,,,,,,,
4.533333333,2017,4,16,Malaysia,8,0.225,0.04,7.96,0.4,1.76,0.08,24.7,4.3,243,279,296,9,38.2,4.1,0.69,0.02,6.6,,,,,,,,,,,,,,,,,,,,,,,,,,,,,
4.566666667,2017,4,17,Malaysia,6,0.21,0.116,10.2,1.69,1.81,0.34,19.8,6.4,191,234,279,7,45.9,8.9,0.45,0.03,4.9,,,,,,,,,,,,,,,,,,,,,,,,,,,,,
4.566666667,2017,4,17,Malaysia,10,0.188,0.039,3.36,1.22,1.1,0.11,26.3,9.2,207,271,295,5,37.2,4.5,0.8,0.04,4,5.2,5.1,,,,,,,,,,,,,,,,,,,,,,,,,,,
4.566666667,2017,4,17,Malaysia,7,0.167,0.025,15.1,2.09,1.91,0.14,13.2,3.4,201,270,291,7,44.8,8.8,0.42,0.04,5.1,,,,,,,,,,,,,,,,,,,,,,,,,,,,,
4.566666667,2017,4,17,Malaysia,5,0.155,0.044,3.41,0.74,1.63,0.16,24.4,3,241,288,307,,77,19.7,0.38,0.02,7.7,,,,,,,,,,,,,,,,,,,,,,,,,,,,,
4.533333333,2017,4,16,Malaysia,4,0.154,0.028,6.4,1.79,1.66,0.27,20.5,4,,,,,44.9,9.6,0.47,0.04,,,,,,,,,,,,,,,,,,,,,,,,,,,,,,
4.533333333,2017,4,16,Malaysia,6,0.143,0.01,8.64,1.27,2.5,0.62,15.1,0.8,,,,,63.8,11.2,0.38,0.02,,,,,,,,,,,,,,,,,,,,,,,,,,,,,,
4.5,2017,4,15,Malaysia,5,0.141,0.025,4.66,0.82,1.54,0.17,21.9,3.8,201,273,306,,48.2,6.4,0.51,0.03,15.1,,,,,,,,,,,,,,,,,,,,,,,,,,,,,
4.5,2017,4,15,Malaysia,6,0.128,0.035,13,1.59,2.17,0.12,13.7,2.7,258,282,294,15,48.7,9.7,0.48,0.03,11.5,40.3,8.5,,,,,,,,,,,,,,,,,,,,,,,,,,,
4.5,2017,4,15,Malaysia,4,0.106,0.025,5.51,2.09,1.05,0.21,18.4,6.2,269,293,307,10,39.3,5.2,0.72,0.04,15.7,,,,,,,,,,,,,,,,,,,,,,,,,,,,,
4.566666667,2017,4,17,Malaysia,6,0.106,0.036,8.94,1.95,1,0.18,18,4.2,209,286,307,6,37.8,4.1,0.81,0.03,4.7,,,,,,,,,,,,,,,,,,,,,,,,,,,,,
4.533333333,2017,4,16,Malaysia,3,0.105,0.074,5.41,2.02,1.47,0.5,21.7,1.7,248,269,293,,71.4,9.8,0.4,0.03,9,,,,,,,,,,,,,,,,,,,,,,,,,,,,,
4.566666667,2017,4,17,Malaysia,4,0.104,0.006,1.9,0.56,0.77,0.04,31.1,9.8,,,,,61.5,10.2,0.54,0.02,,,,,,,,,,,,,,,,,,,,,,,,,,,,,,
4.5,2017,4,15,Malaysia,5,0.102,0.015,3.23,0.09,0.64,0.05,30.9,1.2,230,283,302,17,29,2.5,2,0.03,6.1,,,,,,,,,,,,,,,,,,,,,,,,,,,,,
4.5,2017,4,15,Malaysia,7,0.1,0.039,13.6,2.45,1.15,0.24,16.8,3.2,193,245,278,26,48,10.3,0.47,0.06,11.7,,,,,,,,,,,,,,,,,,,,,,,,,,,,,
4.5,2017,4,15,Malaysia,18,0.099,0.029,5.98,0.42,1.12,0.24,26.9,1.2,233,285,304,20,37.6,9.2,2.66,0.19,6.1,43.9,5.6,,,,,,,,,,,,,,,,,,,,,,,,,,,
4.5,2017,4,15,Malaysia,5,0.091,0.033,3.14,0.75,1.18,0.19,19.1,4.3,242,275,301,,55.3,8.3,0.48,0.02,14,,,,,,,,,,,,,,,,,,,,,,,,,,,,,
4.566666667,2017,4,17,Malaysia,3,0.082,0.026,5.73,1.24,0.68,0.22,19.6,2.7,,,,,35.3,6.2,0.64,0.04,,,,,,,,,,,,,,,,,,,,,,,,,,,,,,
4.5,2017,4,15,Malaysia,7,0.081,0.038,7.47,1.88,1.24,0.32,13.5,3.6,,,,,44.6,13.4,0.6,0.02,,,,,,,,,,,,,,,,,,,,,,,,,,,,,,
4.533333333,2017,4,16,Malaysia,10,0.073,0.024,5.96,0.66,0.66,0.08,18.2,4.1,,,,,44.4,2.2,2.42,0.04,,,,,,,,,,,,,,,,,,,,,,,,,,,,,,
4.5,2017,4,15,Malaysia,,0.072,0.031,2.98,0.49,0.93,0.12,18.7,4.6,205,284,307,15,50,10.9,0.46,0.04,10.8,,,,,,,,,,,,,,,,,,,,,,,,,,,,,
4.566666667,2017,4,17,Malaysia,13,0.064,0.015,0.38,0.07,0.34,0.01,48.9,6,,,,,33.6,4,0.49,0.03,,,,,,,,,,,,,,,,,,,,,,,,,,,,,,
4.533333333,2017,4,16,Malaysia,6,0.047,0.005,6.13,0.53,1.23,0.1,10.1,2.7,,,,,54.7,8.3,0.44,0.02,,,,,,,,,,,,,,,,,,,,,,,,,,,,,,
4.5,2017,4,15,Malaysia,8,0.041,0.011,10.8,1.27,0.77,0.16,8.8,1.7,231,277,294,24,47.8,4,1.2,0.03,11.9,13.4,4.4,,,,,,,,,,,,,,,,,,,,,,,,,,,
4.533333333,2017,4,16,Malaysia,4,0.036,0.015,3.07,0.89,0.71,0.14,13.2,2.5,,,,12,60.4,8.8,0.45,0.03,,,,,,,,,,,,,,,,,,,,,,,,,,,,,,
4.5,2017,4,15,Malaysia,7,0.016,0.002,8.46,1.27,0.63,0.07,5.1,0.1,,,,,51.7,13.7,0.56,0.08,,,,,,,,,,,,,,,,,,,,,,,,,,,,,,
4.533333333,2017,4,16,Malaysia,4,,,,,,,,,,,,,61.6,17.9,0.43,0.02,,,,,,,,,,,,,,,,,,,,,,,,,,,,,,
4.566666667,2017,4,17,Malaysia,8,,,,,,,,,195,242,280,,,,,,4,,,,,,,,,,,,,,,,,,,,,,,,,,,,,
5.433333333,2016,5,13,Japan,5,0.421,0.111,30.4,2.5,3.06,0.37,24.1,4.1,,,,,58.9,9.7,0.72,0.03,,,,,,,,,,,,,,,,,,,,,,,,,,,,,,
5.8,2015,5,24,Japan,,0.286,0.093,15.6,4.38,2.2,0.75,23.7,3.6,220,274,292,15,31.5,14.8,2.08,0.32,5.4,,,,,,,,,,,,,,,,,,,,,,,,,,,,,
5.433333333,2016,5,13,Japan,5,0.25,0.086,16.8,3.9,2.12,0.32,20.2,4.8,,,,,52.4,15.7,0.76,0.08,,,,,,,,,,,,,,,,,,,,,,,,,,,,,,
5.366666667,2015,5,11,Japan,,0.223,0.059,9.86,1.87,1.75,0.39,28.4,5,227,284,303,22,30.2,6.3,3.05,0.36,8.4,,,,,,,,,,,,,,,,,,,,,,,,,,,,,
5.633333333,2016,5,19,Japan,5,0.215,0.054,8.11,1.27,2.12,0.34,19.8,2.3,,,,,51.8,10.7,0.41,0.06,,,,,,,,,,,,,,,,,,,,,,,,,,,,,,
5.366666667,2015,5,11,Japan,,0.189,0.08,6.31,1.4,1.24,0.3,31.9,6.7,254,291,308,12,37.1,7.5,3.51,0.31,7,,,,,,,,,,,,,,,,,,,,,,,,,,,,,
5.4,2016,5,12,Japan,7,0.188,0.072,16.9,1.2,1.91,0.39,24.1,7.4,,,,7,81.3,26.7,0.49,0.04,,,,,,,,,,,,,,,,,,,,,,,,,,,,,,
5.4,2016,5,12,Japan,4,0.181,0.052,9.35,2.69,1.28,0.15,18.9,4.8,,,,5,38.7,9.8,0.75,0.06,,,,,,,,,,,,,,,,,,,,,,,,,,,,,,
5.6,2016,5,18,Japan,4,0.181,0.042,16.6,4.2,1.84,0.36,17.9,2.2,,,,2,88.5,19.2,0.57,0.06,,,,,,,,,,,,,,,,,,,,,,,,,,,,,,
5.833333333,2017,5,25,Japan,14,0.175,0.059,6.85,1.22,0.98,0.1,32.9,6.4,229,284,303,19,33.4,0.5,7.95,0.07,10.4,45.8,3.3,,,,,,,,,,,,,,,,,,,,,,,,,,,
5.4,2016,5,12,Japan,9,0.165,0.045,8.85,1.35,1.34,0.17,19.4,3.1,213,253,295,,42.7,13,0.97,0.12,5.9,,,,,,,,,,,,,,,,,,,,,,,,,,,,,
5.8,2017,5,24,Japan,11,0.156,0.026,13.1,1.86,2.06,0.25,16.6,1.6,216,278,300,,43.5,4.1,0.57,0.03,7,,,,,,,,,,,,,,,,,,,,,,,,,,,,,
5.566666667,2016,5,17,Japan,10,0.153,0.043,8.52,1.32,1.21,0.19,23.4,4.6,248,280,296,21,35,4.6,1.89,0.07,7.7,,,,,,,,,,,,,,,,,,,,,,,,,,,,,
5.8,2017,5,24,Japan,13,0.152,0.012,37,9.5,2.46,0.33,8.6,1.3,,,,,46.7,9.9,0.54,0.06,,,,,,,,,,,,,,,,,,,,,,,,,,,,,,
5.466666667,2016,5,14,Japan,8,0.144,0.034,9.46,1.49,0.79,0.17,18.8,2.4,,,,10,40.1,7.6,2.43,0.17,,39.1,2.2,,,,,,,,,,,,,,,,,,,,,,,,,,,
5.6,2016,5,18,Japan,6,0.142,0.028,15.9,8.5,1.46,0.33,17.9,5.8,,,,,63.1,10.3,0.6,0.04,,,,,,,,,,,,,,,,,,,,,,,,,,,,,,
5.533333333,2017,5,16,Japan,10,0.14,0.017,9.3,0.93,0.97,0.09,19.4,2.5,184,266,295,24,53.8,2,1.12,0.03,12,,,,,,,,,,,,,,,,,,,,,,,,,,,,,
5.366666667,2015,5,11,Japan,,0.129,0.063,6.72,1.5,0.62,0.14,28.9,10.6,246,288,307,13,48.9,8.1,4.68,0.54,8.3,,,,,,,,,,,,,,,,,,,,,,,,,,,,,
5.8,2017,5,24,Japan,12,0.129,0.052,7.08,0.94,1.37,0.39,18.7,3.6,,,,,69.4,10.1,0.35,0.03,,,,,,,,,,,,,,,,,,,,,,,,,,,,,,
5.6,2016,5,18,Japan,20,0.125,0.042,8.47,1.93,0.74,0.13,24.6,7.1,,,,10,36.3,10.8,3.71,0.26,,,,,,,,,,,,,,,,,,,,,,,,,,,,,,
5.8,2017,5,24,Japan,10,0.117,0.01,11.1,2.52,1.34,0.03,15.4,0.2,,,,,64.7,12.2,0.37,0.03,,,,,,,,,,,,,,,,,,,,,,,,,,,,,,
5.4,2016,5,12,Japan,4,0.116,0.053,14.9,6.6,1.45,0.55,14.8,2.6,,,,13,34.7,11.4,0.47,0.1,,23.9,0.9,,,,,,,,,,,,,,,,,,,,,,,,,,,
5.6,2016,5,18,Japan,8,0.107,0.018,9.07,1.45,0.7,0.1,21,1.3,,,,3,39.4,4.9,1.33,0.08,,,,,,,,,,,,,,,,,,,,,,,,,,,,,,
5.566666667,2016,5,17,Japan,10,0.106,0.036,10.1,2.7,0.97,0.11,16.7,3.5,,,,9,52.3,8,0.87,0.04,,,,,,,,,,,,,,,,,,,,,,,,,,,,,,
5.366666667,2015,5,11,Japan,,0.102,0.04,2.59,1.2,0.6,0.15,31,9.7,244,287,306,28,49.6,3,2.69,0.05,8.6,,,,,,,,,,,,,,,,,,,,,,,,,,,,,
5.4,2016,5,12,Japan,11,0.101,0.038,10.9,2.9,0.86,0.18,17.6,5,221,269,295,15,47.7,8.8,1.3,0.07,4.5,,,,,,,,,,,,,,,,,,,,,,,,,,,,,
5.8,2015,5,24,Japan,,0.098,0.044,3.99,0.43,0.75,0.2,25.5,4.3,198,237,280,29,25.5,4.3,1.83,0.1,11.2,,,,,,,,,,,,,,,,,,,,,,,,,,,,,
5.633333333,2016,5,19,Japan,27,0.093,0.033,7.05,1.41,0.79,0.14,20.6,3.7,,,,27,35.6,6.2,1.26,0.05,,,,,,,,,,,,,,,,,,,,,,,,,,,,,,
5.4,2016,5,12,Japan,7,0.077,0.02,8.61,2.3,0.87,0.11,16.6,2.2,,,,,33.7,9.4,1.25,0.09,,,,,,,,,,,,,,,,,,,,,,,,,,,,,,
5.433333333,2016,5,13,Japan,10,0.075,0.012,8.58,2.62,0.92,0.28,16.4,1.4,,,,9,42.5,8.9,1.18,0.09,,,,,,,,,,,,,,,,,,,,,,,,,,,,,,
5.466666667,2016,5,14,Japan,7,0.074,0.022,10,2.4,0.81,0.04,14.2,3.6,,,,18,39.7,4.3,1.37,0.06,,10.8,6.7,,,,,,,,,,,,,,,,,,,,,,,,,,,
5.833333333,2017,5,25,Japan,5,0.072,0.02,4.56,1.19,1.04,0.18,14.4,1.7,,,,,74.3,13.4,0.48,0.02,,,,,,,,,,,,,,,,,,,,,,,,,,,,,,
5.466666667,2016,5,14,Japan,8,0.069,0.015,19.5,3.2,1.17,0.12,8.3,1.4,,,,,46.7,9.6,1.03,0.03,,,,,,,,,,,,,,,,,,,,,,,,,,,,,,
5.433333333,2016,5,13,Japan,4,0.053,0.017,3.26,0.35,0.5,0.06,19.7,5.3,,,,11,39.2,12.7,1.23,0.12,,,,,,,,,,,,,,,,,,,,,,,,,,,,,,
5.766666667,2017,5,23,Japan,8,0.05,0.013,2.19,0.37,0.36,0.09,34.5,3.8,285,302,316,14,39,5.9,1.09,0.04,19,,,,,,,,,,,,,,,,,,,,,,,,,,,,,
5.633333333,2016,5,19,Japan,10,0.048,0.006,4.05,0.58,0.31,0.04,22.9,3.9,,,,13,29.9,9.3,1.5,0.12,,,,,,,,,,,,,,,,,,,,,,,,,,,,,,
5.433333333,2016,5,13,Japan,12,0.039,0.009,10.1,3.6,0.64,0.1,9.9,1.6,,,,21,33.5,10.6,1.35,0.08,,12.9,3.4,,,,,,,,,,,,,,,,,,,,,,,,,,,
5.8,2017,5,24,Japan,6,,,,,,,,,,,,,59.1,16.4,0.45,0.05,,,,,,,,,,,,,,,,,,,,,,,,,,,,,,
5.633333333,2016,5,19,Japan,9,,,,,,,,,,,,,33.8,3.3,0.59,0.03,,,,,,,,,,,,,,,,,,,,,,,,,,,,,,
6.366666667,2017,6,11,China,7,0.306,0.088,10.9,2.25,2.23,0.4,27.1,3.1,231,280,300,12,37.2,5,0.71,0.04,9,,,,,,,,,,,,,,,,,,,,,,,,,,,,,
6.333333333,2017,6,10,China,,0.267,0.136,4.61,1.13,1.97,0.19,31.3,11.9,263,297,311,12,70.2,10.7,0.35,0.03,2.1,,,,,,,,,,,,,,,,,,,,,,,,,,,,,
6.366666667,2017,6,11,China,8,0.194,0.068,6.57,1.02,1.66,0.18,27.4,7.2,,,,,44.7,5.9,0.58,0.03,,,,,,,,,,,,,,,,,,,,,,,,,,,,,,
6.366666667,2017,6,11,China,,0.157,0.084,5.86,1.94,1.79,0.41,20.3,5.4,,,,,53.4,7.1,0.43,0.02,,,,,,,,,,,,,,,,,,,,,,,,,,,,,,
6.333333333,2017,6,10,China,7,0.149,0.046,4.92,1.46,1,0.09,28.4,5.2,223,293,311,10,54.2,8.9,0.45,0.03,2.5,,,,,,,,,,,,,,,,,,,,,,,,,,,,,
6.366666667,2017,6,11,China,3,0.12,0.044,9.67,2.78,1.6,0.15,15,4.1,,,,,47.5,7.1,0.54,0.03,,,,,,,,,,,,,,,,,,,,,,,,,,,,,,
6.333333333,2017,6,10,China,6,0.103,0.024,5.42,0.85,1.2,0.17,23.4,4.7,,,,7,39.3,11.7,0.69,0.09,,,,,,,,,,,,,,,,,,,,,,,,,,,,,,
6.366666667,2017,6,11,China,,0.074,0.04,4.29,0.66,0.74,0.15,20.3,6.8,,,,9,60.8,7.8,0.96,0.04,,,,,,,,,,,,,,,,,,,,,,,,,,,,,,
6.333333333,2017,6,10,China,,0.06,0.014,2.9,0.78,0.82,0.14,19.1,2.8,,,,13,30.9,5.1,0.8,0.04,,,,,,,,,,,,,,,,,,,,,,,,,,,,,,
6.366666667,2017,6,11,China,5,,,,,,,,,,,,,35.8,5.4,0.59,0.03,,,,,,,,,,,,,,,,,,,,,,,,,,,,,,
6.333333333,2017,6,10,China,7,,,,,,,,,,,,8,39.8,13.4,0.71,0.11,,,,,,,,,,,,,,,,,,,,,,,,,,,,,,
6.9,2017,6,27,Japan,8,0.167,0.042,11,3.02,1.7,0.17,18,2.9,,,,,42.5,4.4,0.57,0.02,,,,,,,,,,,,,,,,,,,,,,,,,,,,,,
6.5,2015,6,15,Japan,,0.139,0.063,6.48,3.6,1.01,0.41,26.7,6.1,,,,27,41.5,9.2,1.28,0.09,,,,,,,,,,,,,,,,,,,,,,,,,,,,,,
6.9,2017,6,27,Japan,3,0.118,0.032,6.53,1.26,1.16,0.14,18.9,3.8,,,,,43.7,6.8,0.54,0.02,,,,,,,,,,,,,,,,,,,,,,,,,,,,,,
6.5,2015,6,15,Japan,8,0.116,0.041,8.79,3.9,0.96,0.23,19.7,3.5,,,,15,65,10.3,1.19,0.08,,,,,,,,,,,,,,,,,,,,,,,,,,,,,,
6.5,2015,6,15,Japan,7,0.112,0.019,14.9,6.2,1.18,0.17,14.2,4.1,242,282,297,31,53.5,12.6,1.33,0.22,4.4,,,,,,,,,,,,,,,,,,,,,,,,,,,,,
6.666666667,2016,6,20,Japan,15,0.112,0.038,7.06,1.08,0.89,0.13,24.3,5.2,217,278,298,30,39.9,9.8,2.87,0.34,3,36.7,7.2,,,,,,,,,,,,,,,,,,,,,,,,,,,
6.666666667,2016,6,20,Japan,7,0.103,0.03,8.02,2.02,0.94,0.11,21.9,2.1,,,,27,36.3,4.2,1.96,0.12,,35.5,6.9,,,,,,,,,,,,,,,,,,,,,,,,,,,
6.733333333,2016,6,22,Japan,9,0.102,0.017,13,3.8,1.31,0.2,14.2,1.9,,,,,51.6,8.9,0.87,0.06,,,,,,,,,,,,,,,,,,,,,,,,,,,,,,
6.666666667,2016,6,20,Japan,10,0.096,0.032,7.2,0.3,1.01,0.13,19.7,2.8,,,,4,32.6,1.2,4.46,0.08,,,,,,,,,,,,,,,,,,,,,,,,,,,,,,
6.7,2016,6,21,Japan,5,0.083,0.017,6.31,0.54,0.8,0.02,18.6,3.7,,,,20,51.7,11,1.16,0.11,,,,,,,,,,,,,,,,,,,,,,,,,,,,,,
6.7,2016,6,21,Japan,3,0.058,0.015,5.74,2.12,0.62,0.09,15.2,1.4,,,,5,30.1,18.7,1.26,0.32,,,,,,,,,,,,,,,,,,,,,,,,,,,,,,
6.733333333,2016,6,22,Japan,8,0.05,0.017,5.29,2.08,0.64,0.16,16.3,0.9,,,,,37.9,6.5,1.17,0.05,,,,,,,,,,,,,,,,,,,,,,,,,,,,,,
6.7,2016,6,21,Japan,8,0.05,0.014,6.33,0.26,0.7,0.08,13.1,1.5,210,273,291,21,34.3,9.5,2.09,0.31,2.4,31.6,11.5,,,,,,,,,,,,,,,,,,,,,,,,,,,
6.7,2016,6,21,Japan,11,0.033,0.012,6.03,0.93,0.55,0.07,11.4,1.3,210,260,291,16,34.5,12.2,1.45,0.24,2.7,,,,,,,,,,,,,,,,,,,,,,,,,,,,,
6.9,2017,6,27,Japan,6,,,,,,,,,,,,,31.5,7.1,0.57,0.03,,,,,,,,,,,,,,,,,,,,,,,,,,,,,,
7,2016,6,30,United States,,0.31,0.076,19,6.28,2.52,0.25,23.6,5,,,,6,61.6,10.5,0.36,0.03,,,,,,,,,,,,,,,,,,,,,,,,,,,,,,
7,2016,6,30,United States,9,0.171,0.057,11.9,2.4,1.19,0.25,26.3,5.6,,,,12,44.3,4.2,1.37,0.05,,,,,,,,,,,,,,,,,,,,,,,,,,,,,,
7,2016,6,30,United States,,0.153,0.038,9.54,1.9,1.1,0.08,24.5,7.9,,,,13,32.1,7.9,1.67,0.06,,,,,,,,,,,,,,,,,,,,,,,,,,,,,,
7,2016,6,30,United States,,0.147,0.048,8.62,1.5,1.03,0.18,26.9,4.3,239,289,308,24,31.1,4.8,2.56,0.24,5.6,,,,,,,,,,,,,,,,,,,,,,,,,,,,,
7,2016,6,30,United States,,0.141,0.031,15.5,3.5,1.04,0.1,20.8,5.3,253,282,296,21,43.2,9.5,0.95,0.03,4.9,43.9,7.3,,,,,,,,,,,,,,,,,,,,,,,,,,,
7.366666667,2017,7,11,Japan,12,0.286,0.117,9.92,1.15,2.45,0.52,27.2,5.5,212,276,297,8,43.1,3.7,0.56,0.03,7.1,,,,,,,,,,,,,,,,,,,,,,,,,,,,,
7.4,2017,7,12,Japan,11,0.233,0.082,20.3,5,3.33,0.74,12.7,2,,,,,43.2,7.9,0.48,0.04,,,,,,,,,,,,,,,,,,,,,,,,,,,,,,
7.433333333,2016,7,13,Japan,6,0.162,0.054,4.25,1.48,1.08,0.15,32.7,6.2,,,,,35.1,1.9,1.85,0.05,,,,,,,,,,,,,,,,,,,,,,,,,,,,,,
7.366666667,2017,7,11,Japan,5,0.157,0.034,9.52,1.63,1.53,0.07,19.2,4,205,275,295,,69.4,11.4,0.33,0.03,5.8,,,,,,,,,,,,,,,,,,,,,,,,,,,,,
7.666666667,2018,7,20,Japan,,0.152,0.051,9.1,1.5,1.28,0.22,21.9,5.5,268,299,315,8,70,6.7,0.78,0.03,14.2,,,,,,,,,,,,,,,,,,,,,,,,,,,,,
7.366666667,2017,7,11,Japan,5,0.144,0.023,13.6,2.53,2.06,0.22,15.8,2.3,232,287,305,24,46.7,5.7,0.44,0.03,6.3,,,,,,,,,,,,,,,,,,,,,,,,,,,,,
7.4,2017,7,12,Japan,9,0.135,0.034,13.7,2.94,2.34,0.36,13,2.3,197,267,295,,51.4,6.3,0.45,0.03,7.7,,,,,,,,,,,,,,,,,,,,,,,,,,,,,
7.7,2015,7,21,Japan,8,0.133,0.025,11.2,5,1.12,0.15,19.3,4.4,241,285,302,20,37.5,4.2,4.54,0.25,7.2,,,,,,,,,,,,,,,,,,,,,,,,,,,,,
7.3,2015,7,9,Japan,,0.126,0.072,4.31,1.1,0.71,0.2,28.2,6.2,,,,24,35.8,10.2,1.36,0.07,,,,,,,,,,,,,,,,,,,,,,,,,,,,,,
7.466666667,2016,7,14,Japan,11,0.126,0.035,3.21,0.71,0.77,0.24,35.4,4.8,215,283,301,21,37,7.3,2.85,0.25,3.1,,,,,,,,,,,,,,,,,,,,,,,,,,,,,
7.166666667,2017,7,5,Japan,5,0.117,0.025,9.54,2.81,1.37,0.18,14.6,1.8,208,276,296,,43.8,5.1,0.57,0.03,9,,,,,,,,,,,,,,,,,,,,,,,,,,,,,
7.4,2017,7,12,Japan,11,0.117,0.026,10.1,0.52,1.89,0.24,17.9,1.4,,,,,68.7,10.4,0.36,0.02,,,,,,,,,,,,,,,,,,,,,,,,,,,,,,
7.7,2015,7,21,Japan,6,0.112,0.04,11.3,0.8,1.26,0.31,17.2,4.3,198,252,286,25,37,13,1.94,0.35,1.4,,,,,,,,,,,,,,,,,,,,,,,,,,,,,
7.966666667,2016,7,29,Japan,9,0.109,0.012,6.2,0.45,0.78,0.18,34.7,3.8,,,,12,34.6,4.6,1.1,0.08,,,,,,,,,,,,,,,,,,,,,,,,,,,,,,
7.7,2015,7,21,Japan,8,0.104,0.027,12.1,2.8,0.94,0.09,17.3,4.5,233,277,295,16,31.9,14.8,3.21,0.89,5.7,,,,,,,,,,,,,,,,,,,,,,,,,,,,,
7.466666667,2016,7,14,Japan,11,0.089,0.022,5.58,1.77,0.78,0.11,19,4,,,,20,38.8,4.5,1.77,0.07,,,,,,,,,,,,,,,,,,,,,,,,,,,,,,
7.3,2015,7,9,Japan,,0.086,0.018,8.16,5.2,1.02,0.17,18.7,5.4,258,295,311,21,38.3,10.4,2.09,0.36,5.5,,,,,,,,,,,,,,,,,,,,,,,,,,,,,
7.433333333,2015,7,13,Japan,30,0.083,0.044,11.6,2.3,0.76,0.17,16.1,5.1,206,265,292,27,34.3,9.5,2.42,0.4,5.5,,,,,,,,,,,,,,,,,,,,,,,,,,,,,
7.166666667,2017,7,5,Japan,10,0.081,0.024,6.2,1.01,1.14,0.13,15.1,1.9,,,,,48.4,7.3,0.41,0.02,,,,,,,,,,,,,,,,,,,,,,,,,,,,,,
7.366666667,2017,7,11,Japan,26,0.08,0.026,6.74,1.85,0.82,0.11,16.4,4.9,,,,,37.5,5.2,0.72,0.03,,,,,,,,,,,,,,,,,,,,,,,,,,,,,,
7.933333333,2016,7,28,Japan,,0.078,0.028,5.65,1.09,0.94,0.33,16.5,2.9,204,247,271,23,36.7,8.6,1.24,0.05,5.6,,,,,,,,,,,,,,,,,,,,,,,,,,,,,
7.7,2015,7,21,Japan,29,0.076,0.014,13.4,3.9,0.85,0.08,15.4,2.9,206,252,280,,42.3,8.5,2.58,0.28,4.8,,,,,,,,,,,,,,,,,,,,,,,,,,,,,
7.366666667,2017,7,11,Japan,8,0.076,0.051,6.25,2.06,0.96,0.33,14.7,3.8,217,278,292,,49.4,8.2,0.59,0.04,5.6,,,,,,,,,,,,,,,,,,,,,,,,,,,,,
7.366666667,2017,7,11,Japan,4,0.066,0.019,6.65,0.86,0.77,0.12,13.5,5.8,,,,,37.5,0,0.4,0.05,,,,,,,,,,,,,,,,,,,,,,,,,,,,,,
7.433333333,2016,7,13,Japan,11,0.05,0.011,6.19,1.82,0.73,0.12,13.1,2.9,,,,19,57,17.9,0.87,0.15,,,,,,,,,,,,,,,,,,,,,,,,,,,,,,
7.933333333,2016,7,28,Japan,11,0.049,0.016,5.91,1.64,0.8,0.12,11.5,1.8,201,248,277,16,49.4,18.7,1.14,0.26,7,8.4,7.5,,,,,,,,,,,,,,,,,,,,,,,,,,,
7.366666667,2017,7,11,Japan,17,0.042,0.013,10.5,1.94,1.04,0.23,8.7,1.7,218,282,300,21,44.5,6.8,0.8,0.06,7.5,,,,,,,,,,,,,,,,,,,,,,,,,,,,,
7.9,2016,7,27,Japan,5,0.005,0.001,1.29,0.78,0.79,0.22,28.2,7.8,,,,,18.9,3.3,2.08,0.07,,,,,,,,,,,,,,,,,,,,,,,,,,,,,,
7.933333333,2016,7,28,Japan,3,,,,,,,,,,,,14,35.2,8.8,0.64,0.05,,,,,,,,,,,,,,,,,,,,,,,,,,,,,,
7.7,2015,7,21,Japan,22,,,,,,,,,,,,12,,,,,,,,,,,,,,,,,,,,,,,,,,,,,,,,,,
7.4,2017,7,12,Japan,4,,,,,,,,,,,,,55.6,8.5,0.41,0.03,,,,,,,,,,,,,,,,,,,,,,,,,,,,,,
7.766666667,2017,7,23,United Kingdom,,0.216,0.069,28.6,1.7,2.21,0.36,15.5,4.8,222,277,299,34,38.3,6.3,0.43,0.04,6.6,,,,,,,,,,,,,,,,,,,,,,,,,,,,,
7.866666667,2017,7,26,United Kingdom,,0.121,0.036,11.6,4.51,1.43,0.18,16.8,5.7,257,283,299,7,40.8,4.2,0.64,0.02,12,,,,,,,,,,,,,,,,,,,,,,,,,,,,,
7.866666667,2017,7,26,United Kingdom,9,0.104,0.07,5.92,0.44,1.51,0.51,16.2,6.2,,,,,53,8.6,0.4,0.03,,,,,,,,,,,,,,,,,,,,,,,,,,,,,,
7.8,2017,7,24,United Kingdom,,0.102,0.038,10.7,1.46,1.25,0.2,15.2,3.6,230,283,298,24,44,7.3,1.74,0.19,6.6,47.3,3.5,,,,,,,,,,,,,,,,,,,,,,,,,,,
7.733333333,2017,7,22,United Kingdom,,0.093,0.025,8.74,2.46,1.35,0.21,14.5,2,232,277,295,,42.8,4.4,0.54,0.02,21.9,,,,,,,,,,,,,,,,,,,,,,,,,,,,,
7.833333333,2017,7,25,United Kingdom,6,0.084,0.071,8.05,1.64,1.32,0.54,13.6,7,,,,,50.6,8.2,0.46,0.04,,,,,,,,,,,,,,,,,,,,,,,,,,,,,,
7.833333333,2017,7,25,United Kingdom,11,0.082,0.02,6,1.22,1.08,0.11,17.8,1.3,240,283,299,13,37.6,4.8,1.39,0.04,10.6,38.9,5.1,,,,,,,,,,,,,,,,,,,,,,,,,,,
7.733333333,2017,7,22,United Kingdom,6,0.079,0.028,5.87,1.45,0.75,0.12,14.7,4.8,,,,,67.3,11.9,0.57,0.03,,,,,,,,,,,,,,,,,,,,,,,,,,,,,,
7.733333333,2017,7,22,United Kingdom,,0.073,0.031,3.39,0.66,0.88,0.2,17.9,7.1,274,306,328,,41.5,7.3,0.56,0.03,21.4,,,,,,,,,,,,,,,,,,,,,,,,,,,,,
7.733333333,2017,7,22,United Kingdom,9,0.063,0.013,12.4,2.26,1.13,0.13,9.8,2,227,281,305,,44.6,3.8,0.79,0.03,8.7,,,,,,,,,,,,,,,,,,,,,,,,,,,,,
7.833333333,2017,7,25,United Kingdom,15,,,,,,,,,,,,,72.8,20.5,0.35,0.03,,,,,,,,,,,,,,,,,,,,,,,,,,,,,,
7.766666667,2017,7,23,United Kingdom,7,,,,,,,,,,,,,,,,,,38,6.3,,,,,,,,,,,,,,,,,,,,,,,,,,,
7.766666667,2017,7,23,United Kingdom,12,,,,,,,,,,,,,,,,,,49.2,5.7,,,,,,,,,,,,,,,,,,,,,,,,,,,
7.133333333,2016,7,4,United States,7,0.196,0.045,9.12,2.02,1.35,0.25,24.8,2.5,,,,12,40.5,4,1.32,0.03,,,,,,,,,,,,,,,,,,,,,,,,,,,,,,
7.066666667,2016,7,2,United States,7,0.159,0.013,17.3,3.92,1.65,0.17,15.9,2.6,198,264,292,10,44.7,5.5,1.67,0.13,11.7,,,,,,,,,,,,,,,,,,,,,,,,,,,,,
7.066666667,2016,7,2,United States,6,0.152,0.005,7.76,2.11,1.4,0.16,17.6,3.2,,,,9,28.4,7.4,0.75,0.03,,,,,,,,,,,,,,,,,,,,,,,,,,,,,,
7.1,2016,7,3,United States,11,0.148,0.037,4.89,3.69,1.3,0.14,23.8,3.4,,,,12,44.6,10.3,0.79,0.05,,,,,,,,,,,,,,,,,,,,,,,,,,,,,,
7.066666667,2016,7,2,United States,14,0.139,0.017,15.4,3.09,1.82,0.12,15.3,1.3,224,281,300,24,36.5,0.8,2.84,0.02,9.9,34.1,3.4,,,,,,,,,,,,,,,,,,,,,,,,,,,
7.033333333,2016,7,1,United States,6,0.131,0.036,10.4,2.86,1.56,0.24,17.1,3.2,,,,12,58.9,12.6,0.8,0.04,,,,,,,,,,,,,,,,,,,,,,,,,,,,,,
7.033333333,2016,7,1,United States,7,0.131,0.036,10.4,2.86,0.81,0.08,8.9,2,209,258,282,24,37.2,7.2,2.25,0.25,8.6,,,,,,,,,,,,,,,,,,,,,,,,,,,,,
7.033333333,2016,7,1,United States,10,0.13,0.014,6.84,1.52,0.97,0.13,30.8,4.3,248,294,309,22,30.6,7.9,2.07,0.41,3.8,,,,,,,,,,,,,,,,,,,,,,,,,,,,,
7.033333333,2016,7,1,United States,9,0.128,0.045,9.24,5.09,1.47,0.42,15.9,3.4,,,,,45.4,24.3,1.15,0.32,,,,,,,,,,,,,,,,,,,,,,,,,,,,,,
7.133333333,2016,7,4,United States,4,0.126,0.042,4.04,1.51,1.26,0.15,20.3,2.5,263,292,307,10,61.7,11.3,0.7,0.03,15.6,,,,,,,,,,,,,,,,,,,,,,,,,,,,,
7.066666667,2016,7,2,United States,7,0.124,0.034,6.77,2.67,1.32,0.19,18.7,2,,,,11,48.3,11.5,0.9,0.03,,,,,,,,,,,,,,,,,,,,,,,,,,,,,,
7.033333333,2016,7,1,United States,22,0.112,0.067,7.93,2.7,1.23,0.43,18.4,4.3,243,292,309,23,40.8,3.8,5.37,0.13,8.6,55.7,4.5,,,,,,,,,,,,,,,,,,,,,,,,,,,
7.066666667,2016,7,2,United States,9,0.106,0.019,8.17,1.19,0.91,0.07,18,3.7,,,,12,37.4,9.6,1.19,0.14,,,,,,,,,,,,,,,,,,,,,,,,,,,,,,
7.066666667,2016,7,2,United States,20,0.101,0.029,12.1,2.48,1.09,0.25,15.9,5.1,,,,11,45,25,1.1,0.33,,,,,,,,,,,,,,,,,,,,,,,,,,,,,,
7.033333333,2016,7,1,United States,10,0.087,0.028,24.1,9.16,1.68,0.36,8.7,0.5,203,273,297,25,28.3,7.3,1.28,0.17,8.1,,,,,,,,,,,,,,,,,,,,,,,,,,,,,
7.066666667,2016,7,2,United States,7,0.077,0.051,7.63,3.58,1.01,0.33,11.2,2.2,215,285,316,24,54.6,7.9,0.69,0.02,4.5,,,,,,,,,,,,,,,,,,,,,,,,,,,,,
7.066666667,2016,7,2,United States,,0.053,0.039,6.72,3.66,0.95,0.43,10.8,3.2,,,,,52.2,18.5,1,0.12,,,,,,,,,,,,,,,,,,,,,,,,,,,,,,
7.066666667,2016,7,2,United States,11,0.046,0.008,4.23,0.31,0.59,0.05,17,0.6,227,278,297,20,33.4,5,2.07,0.02,12.3,,,,,,,,,,,,,,,,,,,,,,,,,,,,,
7.066666667,2016,7,2,United States,7,0.025,0.008,4.21,0.52,0.45,0.17,9.9,1.3,,,,,40.9,5.8,1.25,0.08,,,,,,,,,,,,,,,,,,,,,,,,,,,,,,
7.066666667,2016,7,2,United States,6,,,,,,,,,,,,,35.9,9.2,2.57,0.22,,,,,,,,,,,,,,,,,,,,,,,,,,,,,,
8.3,2017,8,9,Japan,,0.232,0.037,18.6,3.11,2.31,0.23,21.7,4.6,218,290,307,9,59.8,8.7,0.32,0.01,11.2,,,,,,,,,,,,,,,,,,,,,,,,,,,,,
8.133333333,2016,8,4,Japan,4,0.192,0.078,6.59,1.96,2.18,0.74,20.8,5,,,,12,77,11.9,0.58,0.04,,,,,,,,,,,,,,,,,,,,,,,,,,,,,,
8.733333333,2017,8,22,Japan,,0.168,0.078,8.54,1.64,1.09,0.11,30.5,12.5,201,263,290,16,42.9,3.7,1.52,0.04,10.3,,,,,,,,,,,,,,,,,,,,,,,,,,,,,
8.866666667,2015,8,26,Japan,10,0.16,0.026,21.9,1.7,2.37,0.08,15,2.6,230,285,303,20,56.4,13.4,2.34,0.31,7.9,50.6,2.4,,,,,,,,,,,,,,,,,,,,,,,,,,,
8.766666667,2017,8,23,Japan,3,0.131,0.061,6.31,1.22,1.7,0.36,18.9,4.7,,,,,82.7,10.3,0.33,0.03,,,,,,,,,,,,,,,,,,,,,,,,,,,,,,
8.233333333,2017,8,7,Japan,5,0.102,0.04,10.4,1.82,1.63,0.18,13.2,2.3,,,,,60,12.2,0.36,0.03,,,,,,,,,,,,,,,,,,,,,,,,,,,,,,
8.233333333,2017,8,7,Japan,,0.098,0.035,9.16,0.68,0.68,0.1,21.2,4.4,222,283,302,28,45.4,3.6,1.27,0.02,9.3,,,,,,,,,,,,,,,,,,,,,,,,,,,,,
8.5,2015,8,15,Japan,16,0.097,0.022,9.61,0.91,1.09,0.14,16.4,2,198,240,273,23,31.6,11.5,4.56,0.39,3.4,,,,,,,,,,,,,,,,,,,,,,,,,,,,,
8.133333333,2016,8,4,Japan,4,0.097,0.062,3.57,1.73,0.85,0.25,43.2,5.3,,,,,60.7,8.2,0.75,0.05,,,,,,,,,,,,,,,,,,,,,,,,,,,,,,
8.3,2017,8,9,Japan,,0.071,0.065,14.2,3.4,0.82,0.16,14.3,10.6,,,,,47.3,7.9,0.48,0.05,,,,,,,,,,,,,,,,,,,,,,,,,,,,,,
8.133333333,2016,8,4,Japan,4,0.068,0.03,5.98,0.53,0.83,0.11,16.4,5.2,,,,,58.1,9,0.7,0.02,,,,,,,,,,,,,,,,,,,,,,,,,,,,,,
8.5,2015,8,15,Japan,19,0.062,0.018,8.31,1.1,0.87,0.06,15.2,4.8,252,289,306,19,37.5,7.7,4.94,0.49,8.8,,,,,,,,,,,,,,,,,,,,,,,,,,,,,
8.166666667,2016,8,5,Japan,8,0.062,0.045,25.3,9.76,1.64,0.74,6.6,2.9,,,,19,33.6,9.9,0.68,0.09,,,,,,,,,,,,,,,,,,,,,,,,,,,,,,
8.166666667,2016,8,5,Japan,4,0.059,0.018,8.93,1.99,0.68,0.13,14.4,3.3,,,,,39.3,7,0.57,0.02,,,,,,,,,,,,,,,,,,,,,,,,,,,,,,
8.166666667,2016,8,5,Japan,3,0.053,0.015,4.07,0.76,0.58,0.09,17,2.1,,,,19,44,7.1,1.09,0.06,,,,,,,,,,,,,,,,,,,,,,,,,,,,,,
8.866666667,2015,8,26,Japan,15,0.05,0.018,9.6,2.56,0.63,0.12,12.1,2.7,226,288,303,20,41.8,5.2,2.3,0.21,5.8,47.8,4.8,,,,,,,,,,,,,,,,,,,,,,,,,,,
8.9,2015,8,27,Japan,19,0.046,0.008,5.83,0.65,0.49,0.02,18.1,2.4,248,292,308,20,23.4,4.4,6.29,0.5,9.2,47.9,2.6,,,,,,,,,,,,,,,,,,,,,,,,,,,
8.166666667,2016,8,5,Japan,4,0.037,0.006,14.2,2.06,0.98,0.22,7,2,,,,,57.6,18.1,0.43,0.02,,,,,,,,,,,,,,,,,,,,,,,,,,,,,,
8.933333333,2015,8,28,Japan,21,0.023,0.011,6.99,1.2,0.5,0.17,8.1,1.4,243,285,304,21,48.4,15.1,2.07,0.43,5.8,,,,,,,,,,,,,,,,,,,,,,,,,,,,,
8.166666667,2016,8,5,Japan,12,,,,,,,,,,,,,25.9,7.3,0.37,0.04,,,,,,,,,,,,,,,,,,,,,,,,,,,,,,
8.166666667,2016,8,5,Japan,10,,,,,,,,,,,,,28.3,7.8,0.72,0.07,,,,,,,,,,,,,,,,,,,,,,,,,,,,,,
8.233333333,2017,8,7,Japan,5,,,,,,,,,,,,,36.6,7,0.39,0.03,,,,,,,,,,,,,,,,,,,,,,,,,,,,,,
8.766666667,2017,8,23,Japan,,,,,,,,,,,,,,,,,,,32.4,7.3,,,,,,,,,,,,,,,,,,,,,,,,,,,
9.933333333,2016,9,28,Japan,8,0.239,0.099,9.01,3.46,1.05,0.29,34.3,10.1,224,277,298,16,39.5,9.1,0.68,0.04,4.8,,,,,,,,,,,,,,,,,,,,,,,,,,,,,
9.433333333,2015,9,13,Japan,11,0.203,0.032,9.4,2.73,1.34,0.17,29.2,2.1,205,261,289,28,41.3,5.6,1.18,0.04,5.2,,,,,,,,,,,,,,,,,,,,,,,,,,,,,
9.9,2015,9,27,Japan,4,0.195,0.064,9.71,3.2,1.45,0.3,27.4,5.3,,,,19,53.7,9.8,0.86,0.07,,,,,,,,,,,,,,,,,,,,,,,,,,,,,,
9.4,2017,9,12,Japan,,0.185,0.031,10.3,1.74,1.52,0.11,23.6,4.9,266,298,319,,51.3,6,0.46,0.02,12.9,,,,,,,,,,,,,,,,,,,,,,,,,,,,,
9.9,2015,9,27,Japan,6,0.161,0.062,9.45,0.52,1.1,0.02,22.3,10.2,,,,22,49.5,14.6,0.7,0.05,,,,,,,,,,,,,,,,,,,,,,,,,,,,,,
9.233333333,2016,9,7,Japan,5,0.159,0.021,6.59,0.96,1.21,0.09,24.5,2.4,,,,18,39.3,5.3,1.52,0.07,,,,,,,,,,,,,,,,,,,,,,,,,,,,,,
9.966666667,2016,9,29,Japan,11,0.154,0.044,4.85,1.52,1.2,0.11,27.3,3.6,216,285,300,12,42.1,8,1.79,0.04,2.2,,,,,,,,,,,,,,,,,,,,,,,,,,,,,
9.4,2017,9,12,Japan,7,0.153,0.073,5.35,0.98,1.33,0.47,27.1,5.8,,,,,41.6,4.6,0.62,0.05,,,,,,,,,,,,,,,,,,,,,,,,,,,,,,
9.9,2015,9,27,Japan,5,0.144,0.029,8.9,0.95,1.21,0.09,24.3,4.3,189,223,252,19,38.1,4.7,1.45,0.06,4,,,,,,,,,,,,,,,,,,,,,,,,,,,,,
9.4,2017,9,12,Japan,7,0.143,0.062,17.3,4.1,2.42,0.59,12.3,2.8,212,276,297,25,50.4,10.6,0.54,0.04,6.5,,,,,,,,,,,,,,,,,,,,,,,,,,,,,
9.9,2015,9,27,Japan,6,0.139,0.007,12.9,1.3,1.25,0.23,20.2,3.9,,,,20,46.6,11.8,0.54,0.03,,,,,,,,,,,,,,,,,,,,,,,,,,,,,,
9.4,2017,9,12,Japan,,0.134,0.052,14.6,2.53,1.14,0.09,21.4,8.7,227,283,300,17,54,4.1,0.46,0.02,11.4,,,,,,,,,,,,,,,,,,,,,,,,,,,,,
9.433333333,2015,9,13,Japan,13,0.133,0.036,9.01,1.38,1.14,0.16,20.2,2.4,224,279,301,16,29.6,4.5,2.18,0.15,2.2,26.2,2.3,,,,,,,,,,,,,,,,,,,,,,,,,,,
9.9,2015,9,27,Japan,4,0.131,0.03,6.97,0.46,1.36,0.09,19.8,4,265,283,294,35,43.5,8.6,1.06,0.05,7,30.6,2.4,,,,,,,,,,,,,,,,,,,,,,,,,,,
9.466666667,2015,9,14,Japan,19,0.129,0.033,7.93,1.33,1.32,0.13,21.5,3.2,212,269,296,26,35.1,5,2.59,0.26,8.4,43.9,7.9,,,,,,,,,,,,,,,,,,,,,,,,,,,
9.5,2015,9,15,Japan,7,0.121,0.042,10.3,2.9,0.73,0.12,25.9,4.8,204,253,283,23,54.6,6,1.23,0.08,8.9,24,3.4,,,,,,,,,,,,,,,,,,,,,,,,,,,
9.266666667,2016,9,8,Japan,5,0.115,0.009,3.34,0.74,1.3,0.09,21.7,3.5,,,,18,67.6,7.4,0.69,0.04,,,,,,,,,,,,,,,,,,,,,,,,,,,,,,
9.9,2015,9,27,Japan,7,0.106,0.024,8.29,1.4,0.93,0.06,20.3,1.9,237,285,303,21,43.8,5.6,2.34,0.07,2.8,17.1,6.1,,,,,,,,,,,,,,,,,,,,,,,,,,,
9.433333333,2017,9,13,Japan,6,0.101,0.059,8.76,1.38,1.46,0.37,14.2,4.8,,,,,59.8,6,0.38,0.02,,,,,,,,,,,,,,,,,,,,,,,,,,,,,,
9.433333333,2015,9,13,Japan,8,0.101,0.033,10.5,0.7,1.18,0.17,22.3,3.3,207,264,292,27,32.9,4,2.72,0.12,5,28.5,10.3,,,,,,,,,,,,,,,,,,,,,,,,,,,
9.933333333,2015,9,28,Japan,9,0.097,0.051,6.42,1.1,0.75,0.25,20.9,4.4,224,274,291,27,38.7,6.9,1.64,0.18,6.8,,,,,,,,,,,,,,,,,,,,,,,,,,,,,
9.9,2015,9,27,Japan,13,0.09,0.033,14.1,2.8,0.81,0.16,17.8,4.2,,,,33,55.6,9.6,0.83,0.05,,,,,,,,,,,,,,,,,,,,,,,,,,,,,,
9.933333333,2016,9,28,Japan,,0.081,0.028,4.54,1.49,0.8,0.15,19.2,5.8,,,,,32,2.8,0.62,0.03,,,,,,,,,,,,,,,,,,,,,,,,,,,,,,
9.4,2017,9,12,Japan,4,0.077,0.035,8.62,2.31,1.51,0.43,12.3,2.3,,,,,62.3,7.3,0.38,0.02,,,,,,,,,,,,,,,,,,,,,,,,,,,,,,
9.466666667,2015,9,14,Japan,9,0.072,0.001,7.05,1.08,1.15,0.14,15,2.1,,,,,42.4,13.3,1.33,0.07,,,,,,,,,,,,,,,,,,,,,,,,,,,,,,
9.9,2015,9,27,Japan,7,0.072,0.027,5.02,2,0.58,0.11,22.4,3.2,214,268,291,18,29.3,1.8,2.76,0.09,8.9,26.8,9.1,,,,,,,,,,,,,,,,,,,,,,,,,,,
9.433333333,2015,9,13,Japan,9,0.067,0.02,7.58,1.9,0.66,0.16,17.3,5.1,,,,22,35.6,3.5,1.16,0.65,,,,,,,,,,,,,,,,,,,,,,,,,,,,,,
9.466666667,2015,9,14,Japan,12,0.066,0.016,5.76,1.4,0.59,0.17,20.7,6.1,205,271,298,28,31.2,5.4,1.9,0.11,7.9,,,,,,,,,,,,,,,,,,,,,,,,,,,,,
9.466666667,2015,9,14,Japan,5,0.064,0.017,10.2,1.5,0.88,0.14,13.4,1,,,,17,57.4,18.7,0.89,0.11,,,,,,,,,,,,,,,,,,,,,,,,,,,,,,
9.5,2015,9,15,Japan,19,0.062,0.018,9.26,3.5,0.63,0.1,13.9,1.9,221,275,296,20,28.5,3.4,2.86,0.14,6.4,19.6,5.5,,,,,,,,,,,,,,,,,,,,,,,,,,,
9.433333333,2015,9,13,Japan,11,0.061,0.017,10.1,2.3,1.03,0.44,12.2,2.1,194,252,285,,35.3,14.2,1.3,0.2,7.2,29.9,,,,,,,,,,,,,,,,,,,,,,,,,,,,
9.433333333,2015,9,13,Japan,24,0.06,0.031,10.1,1.7,0.93,0.19,11.9,3.3,231,284,304,22,53.2,6.2,4.19,0.08,8.7,52.7,3,,,,,,,,,,,,,,,,,,,,,,,,,,,
9.2,2016,9,6,Japan,11,0.037,0.016,2.85,1.19,0.44,0.1,17.4,3.2,198,247,286,19,68.7,10.3,0.74,0.04,2.6,,,,,,,,,,,,,,,,,,,,,,,,,,,,,
9.233333333,2016,9,7,Japan,10,0.035,0.016,2.83,2.15,0.33,0.03,25,13.7,,,,23,41.3,5.3,1.08,0.06,,,,,,,,,,,,,,,,,,,,,,,,,,,,,,
9.933333333,2016,9,28,Japan,10,0.03,0.014,1.68,0.2,0.33,0.06,16.7,4.6,,,,,42.5,4.1,1.18,0.05,,,,,,,,,,,,,,,,,,,,,,,,,,,,,,
9.1,2016,9,3,Japan,,,,,,,,,,,,,,,,,,,1.6,1.2,,,,,,,,,,,,,,,,,,,,,,,,,,,
9.8,2016,9,24,Japan,,,,,,,,,,,,,,,,,,,11.2,5,,,,,,,,,,,,,,,,,,,,,,,,,,,
9.9,2016,9,27,Japan,,,,,,,,,,,,,,,,,,,15.5,4.5,,,,,,,,,,,,,,,,,,,,,,,,,,,
9.366666667,2016,9,11,Japan,,,,,,,,,,,,,,,,,,,0.4,0.9,,,,,,,,,,,,,,,,,,,,,,,,,,,
9.833333333,2016,9,25,Japan,,,,,,,,,,,,,,,,,,,10.3,3.4,,,,,,,,,,,,,,,,,,,,,,,,,,,
9.933333333,2016,9,28,Japan,,,,,,,,,,,,,,,,,,,42.9,8,,,,,,,,,,,,,,,,,,,,,,,,,,,
9.733333333,2016,9,22,Japan,,,,,,,,,,,,,,,,,,,2.2,3.6,,,,,,,,,,,,,,,,,,,,,,,,,,,
9.233333333,2015,9,7,Malaysia,,0.221,0.114,12.2,1.8,1.14,0.22,30.2,9.6,241,291,309,22,49.1,2,3.25,0.06,5.1,,,,,,,,,,,,,,,,,,,,,,,,,,,,,
9.233333333,2015,9,7,Malaysia,,0.117,0.059,12.1,3.9,1.27,0.47,15.4,4.3,214,271,296,20,50.8,15,2.14,0.36,4.9,40.7,1.7,,,,,,,,,,,,,,,,,,,,,,,,,,,
9.266666667,2015,9,8,Malaysia,,0.109,0.025,12.3,3.3,1.12,0.11,17.6,4.7,219,287,309,23,49.5,22.8,1.57,0.32,2.9,23.9,7.5,,,,,,,,,,,,,,,,,,,,,,,,,,,
9.266666667,2015,9,8,Malaysia,,0.108,0.035,13.2,1.4,1.12,0.14,15.4,3.1,225,287,306,23,43.1,9,4.96,0.67,7.1,25.5,5.7,,,,,,,,,,,,,,,,,,,,,,,,,,,
9.266666667,2015,9,8,Malaysia,,0.1,0.063,10.9,1.3,0.66,0.15,21.8,9.7,243,290,311,17,40.2,6.4,2.18,0.15,7.1,12.3,3.4,,,,,,,,,,,,,,,,,,,,,,,,,,,
9.233333333,2015,9,7,Malaysia,,0.09,0.055,8,3.8,0.94,0.44,18.3,5.8,228,279,309,18,38,15.5,3.33,0.63,9,50.4,7.9,,,,,,,,,,,,,,,,,,,,,,,,,,,
9.233333333,2015,9,7,Malaysia,,0.086,0.025,7.64,2.6,0.94,0.1,18.2,2.6,,,,24,53.2,19.8,1,0.12,,,,,,,,,,,,,,,,,,,,,,,,,,,,,,
9.266666667,2015,9,8,Malaysia,,0.082,0.025,9.51,2.11,1.02,0.15,16.3,3.2,222,275,296,30,37.1,1.5,4.26,0.07,8.1,60.4,3.1,,,,,,,,,,,,,,,,,,,,,,,,,,,
10.23333333,2019,10,7,Italy,15,0.164,0.051,22.8,3.06,1.65,0.18,16.5,4,,,,,43,4.6,0.47,0.02,,,,,,,,,,,,,,,,,,,,,,,,,,,,,,
10.23333333,2019,10,7,Italy,17,0.157,0.007,10.8,1.49,1.22,0.07,22.6,1.8,,,,34,41.5,5.8,0.45,0.03,,,,,,,,,,,,,,,,,,,,,,,,,,,,,,
10.23333333,2019,10,7,Italy,17,0.14,0.04,14.7,1.44,1.21,0.14,18.4,4.4,,,,47,47.1,3,1.49,0.02,,27.4,6.7,,,,,,,,,,,,,,,,,,,,,,,,,,,
10.23333333,2019,10,7,Italy,,0.084,0.021,7.62,0.62,0.92,0.06,18.3,5.7,,,,,54.7,8.1,0.43,0.03,,,,,,,,,,,,,,,,,,,,,,,,,,,,,,
10.3,2014,10,9,Japan,,0.425,0.222,17.5,8.4,2.62,0.36,31,15.5,213,279,300,17,84,39.4,1.39,0.3,6.9,,,,,,,,,,,,,,,,,,,,,,,,,,,,,
10.66666667,2015,10,20,Japan,6,0.292,0.02,19.1,5.6,2.4,0.05,20.9,1.1,247,292,314,27,58.8,6.4,3.6,0.13,7.8,41.9,10.1,,,,,,,,,,,,,,,,,,,,,,,,,,,
10.3,2014,10,9,Japan,,0.231,0.108,10.2,6.7,1.35,0.56,28.7,4.6,,,,,34.7,13.4,1.02,0.14,,,,,,,,,,,,,,,,,,,,,,,,,,,,,,
10.16666667,2014,10,5,Japan,,0.207,0.088,10.6,1.3,1.5,0.53,25.5,3.2,,,,,69,13.2,0.87,0.07,,,,,,,,,,,,,,,,,,,,,,,,,,,,,,
10.7,2015,10,21,Japan,19,0.198,0.043,16.6,5.3,1.18,0.27,25,4,259,291,307,15,28.4,3.9,2.07,0.16,3.6,10.6,1.2,,,,,,,,,,,,,,,,,,,,,,,,,,,
10.63333333,2014,10,19,Japan,,0.193,0.063,15.3,5.4,1.43,0.5,21.4,5.5,,,,,53.8,8.5,0.94,0.05,,,,,,,,,,,,,,,,,,,,,,,,,,,,,,
10.4,2016,10,12,Japan,5,0.187,0.018,9.75,0.52,1.05,0.13,26.8,0.5,223,283,303,19,47.8,2.7,2.75,0.1,1.5,,,,,,,,,,,,,,,,,,,,,,,,,,,,,
10.63333333,2014,10,19,Japan,,0.182,0.058,8.37,2.8,1.16,0.34,28,5.5,232,309,354,,38.2,11.4,1.16,0.09,3.1,,,,,,,,,,,,,,,,,,,,,,,,,,,,,
10.16666667,2017,10,5,Japan,,0.169,0.039,11.8,0.82,1.51,0.1,19.2,3.2,236,284,301,,50.7,2.6,3.03,0.07,7.4,,,,,,,,,,,,,,,,,,,,,,,,,,,,,
10.36666667,2016,10,11,Japan,6,0.165,0.042,10.3,1.03,1.39,0.17,20.3,3.4,,,,,58.7,8.9,0.85,0.08,,,,,,,,,,,,,,,,,,,,,,,,,,,,,,
10.7,2015,10,21,Japan,7,0.163,0.034,16.4,3.46,1.09,0.2,22.4,5.6,224,276,296,22,25.4,2.1,1.03,0.04,7.2,46.8,4.7,,,,,,,,,,,,,,,,,,,,,,,,,,,
10.3,2014,10,9,Japan,,0.161,0.078,11.6,3.8,1.2,0.49,24.5,3.6,,,,,51.5,12.7,1.2,0.08,,,,,,,,,,,,,,,,,,,,,,,,,,,,,,
10.16666667,2014,10,5,Japan,,0.158,0.058,7.19,3.4,0.87,0.15,32,8.3,252,300,320,16,30.5,7.9,1.97,0.24,3.5,,,,,,,,,,,,,,,,,,,,,,,,,,,,,
10.63333333,2014,10,19,Japan,,0.158,0.074,8.9,3.5,1.38,0.33,21,5.5,,,,,61.3,15.2,0.61,0.08,,,,,,,,,,,,,,,,,,,,,,,,,,,,,,
10.16666667,2014,10,5,Japan,,0.157,0.052,7.54,2.7,1.04,0.28,27.2,4.9,204,256,288,,32.9,8.5,1.75,0.29,1.2,,,,,,,,,,,,,,,,,,,,,,,,,,,,,
10.3,2014,10,9,Japan,,0.149,0.045,4.4,0.8,1.15,0.46,30.7,2.6,205,255,283,11,28.2,13.3,2.47,0.17,9.9,,,,,,,,,,,,,,,,,,,,,,,,,,,,,
10.56666667,2014,10,17,Japan,,0.143,0.054,6.34,3.3,1.04,0.09,26.8,4.2,,,,22,53.3,14,0.74,0.06,,,,,,,,,,,,,,,,,,,,,,,,,,,,,,
10.56666667,2014,10,17,Japan,,0.139,0.037,8.23,1.5,1.13,0.11,19.8,3,,,,,47.3,5.5,1.19,0.08,,,,,,,,,,,,,,,,,,,,,,,,,,,,,,
10.7,2015,10,21,Japan,6,0.138,0.025,8.62,1.2,1.08,0.06,28,4.3,198,251,282,26,41.6,8.8,1.08,0.05,9.9,,,,,,,,,,,,,,,,,,,,,,,,,,,,,
10.3,2014,10,9,Japan,,0.138,0.067,7.36,2.2,0.99,0.29,24.4,4.4,,,,,45.8,7.2,1.08,0.09,,,,,,,,,,,,,,,,,,,,,,,,,,,,,,
10.3,2014,10,9,Japan,,0.134,0.06,5.21,2.1,0.87,0.25,27.4,11.2,,,,,41.5,6.8,1.23,0.06,,,,,,,,,,,,,,,,,,,,,,,,,,,,,,
10.56666667,2014,10,17,Japan,,0.133,0.031,6.89,1.4,1.09,0.25,25,2.1,,,,,42.2,8,0.94,0.06,,,,,,,,,,,,,,,,,,,,,,,,,,,,,,
10.63333333,2014,10,19,Japan,,0.132,0.033,8.41,1.4,0.77,0.11,25.2,6,,,,,51.1,8.7,1.18,0.09,,,,,,,,,,,,,,,,,,,,,,,,,,,,,,
10.56666667,2014,10,17,Japan,,0.131,0.073,11.7,7.2,1.13,0.62,57.1,23.8,,,,,53.7,14,0.73,0.06,,,,,,,,,,,,,,,,,,,,,,,,,,,,,,
10.3,2014,10,9,Japan,,0.129,0.032,6.64,2.3,0.87,0.23,26.8,2.9,189,224,261,,33.6,5.5,1.74,0.09,7.1,,,,,,,,,,,,,,,,,,,,,,,,,,,,,
10.3,2014,10,9,Japan,,0.121,0.036,4.2,0.7,0.99,0.47,53.2,3.7,227,286,306,23,38.1,11.3,2.54,0.25,7.7,,,,,,,,,,,,,,,,,,,,,,,,,,,,,
10.46666667,2015,10,14,Japan,,0.12,0.031,7.57,1.5,0.75,0.06,27.2,7.2,209,267,293,19,36.1,6.5,1.84,0.17,7.8,47.4,7,,,,,,,,,,,,,,,,,,,,,,,,,,,
10.56666667,2014,10,17,Japan,,0.114,0.051,8.82,1.2,0.89,0.14,21,5.4,,,,,47.4,7.6,0.88,0.04,,,,,,,,,,,,,,,,,,,,,,,,,,,,,,
10.43333333,2017,10,13,Japan,11,0.114,0.019,33.5,5.5,2.64,0.14,8.9,1.3,205,268,297,6,58.4,7.2,0.43,0.03,9.1,11.5,4,,,,,,,,,,,,,,,,,,,,,,,,,,,
10.36666667,2017,10,11,Japan,3,0.112,0.049,13.1,2.8,2.13,0.6,11.2,1.7,,,,,65.7,10.6,0.37,0.02,,,,,,,,,,,,,,,,,,,,,,,,,,,,,,
10.7,2015,10,21,Japan,7,0.106,0.025,13,0.6,0.79,0.15,20.3,4.8,204,252,286,31,55,7.6,1.07,0.05,8.3,21,10.6,,,,,,,,,,,,,,,,,,,,,,,,,,,
10.36666667,2016,10,11,Japan,2,0.094,0.039,10.7,1.3,1.14,0.02,11.3,0.5,,,,,21.7,3.3,0.63,0.04,,,,,,,,,,,,,,,,,,,,,,,,,,,,,,
10.33333333,2016,10,10,Japan,3,0.09,0.007,4.64,2.43,1,0.04,20.2,1.9,,,,,33.5,4.2,0.59,0.02,,,,,,,,,,,,,,,,,,,,,,,,,,,,,,
10.3,2014,10,9,Japan,,0.086,0.013,5.48,1.2,0.65,0.14,22.5,5,216,278,301,31,41.7,13.1,1.91,0.21,4.1,,,,,,,,,,,,,,,,,,,,,,,,,,,,,
10.36666667,2016,10,11,Japan,,0.084,0.025,6.41,1.35,1.04,0.15,17.9,3.8,220,281,303,20,35.8,3.5,2.44,0.13,2.6,33.3,2,,,,,,,,,,,,,,,,,,,,,,,,,,,
10.7,2015,10,21,Japan,12,0.079,0.013,6.36,2,0.67,0.01,21.3,5.8,,,,,35.4,14.9,0.87,0.08,,,,,,,,,,,,,,,,,,,,,,,,,,,,,,
10.46666667,2015,10,14,Japan,7,0.076,0.073,6.68,1.2,0.76,0.25,16,3.7,197,263,298,18,36.8,5.8,1.19,0.06,5.1,,,,,,,,,,,,,,,,,,,,,,,,,,,,,
10.63333333,2014,10,19,Japan,,0.076,0.032,6.03,0.85,0.64,0.1,20.3,7.1,,,,,33.6,13.5,1.16,0.09,,,,,,,,,,,,,,,,,,,,,,,,,,,,,,
10.63333333,2014,10,19,Japan,,0.076,0.034,5.14,1.3,0.54,0.1,20.2,5,,,,,42.8,8.2,1.67,0.04,,,,,,,,,,,,,,,,,,,,,,,,,,,,,,
10.46666667,2015,10,14,Japan,6,0.064,0.01,10,1.5,0.86,0.16,16.2,1.5,199,257,289,26,52.9,11.2,0.92,0.03,4.7,,,,,,,,,,,,,,,,,,,,,,,,,,,,,
10.33333333,2016,10,10,Japan,4,0.062,0.03,9.06,5.06,0.84,0.19,13,5.3,213,273,299,,66.7,12.2,0.67,0.05,3.3,,,,,,,,,,,,,,,,,,,,,,,,,,,,,
10.36666667,2016,10,11,Japan,4,0.051,0.013,2.98,0.04,0.49,0.05,22.2,2.6,282,300,314,,39.5,2.8,1.13,0.03,6.9,,,,,,,,,,,,,,,,,,,,,,,,,,,,,
10.4,2016,10,12,Japan,15,0.04,0.017,5.63,1.45,0.6,0.06,11.9,3.4,,,,,48.4,9.2,1.28,0.15,,,,,,,,,,,,,,,,,,,,,,,,,,,,,,
10.36666667,2016,10,11,Japan,5,0.031,0.02,8.74,3.19,0.72,0.29,7.7,1.9,,,,,47.7,7.7,0.69,0.03,,,,,,,,,,,,,,,,,,,,,,,,,,,,,,
10.4,2016,10,12,Japan,6,0.029,0.012,7.85,1.29,0.72,0.17,6.7,1.9,,,,,58.2,11.6,0.67,0.04,,,,,,,,,,,,,,,,,,,,,,,,,,,,,,
10.4,2016,10,12,Japan,5,0.025,0.008,4.25,2.39,0.55,0.1,9.6,1.9,,,,,61.3,9,0.77,0.05,,,,,,,,,,,,,,,,,,,,,,,,,,,,,,
10.56666667,2014,10,17,Japan,,,,,,,,,,,,,,44.2,8.9,1.08,0.08,,,,,,,,,,,,,,,,,,,,,,,,,,,,,,
10.56666667,2014,10,17,Japan,,,,,,,,,,,,,,36,7.2,0.93,0.06,,,,,,,,,,,,,,,,,,,,,,,,,,,,,,
10.16666667,2014,10,5,Japan,,,,,,,,,,,,,12,,,,,,,,,,,,,,,,,,,,,,,,,,,,,,,,,,
10.63333333,2014,10,19,Japan,,,,,,,,,,,,,,89.3,24.2,0.45,0.06,,,,,,,,,,,,,,,,,,,,,,,,,,,,,,
10.3,2014,10,9,Japan,,,,,,,,,,,,,12,,,,,,,,,,,,,,,,,,,,,,,,,,,,,,,,,,
10.56666667,2014,10,17,Japan,,,,,,,,,,,,,,51.3,14.6,0.66,0.09,,,,,,,,,,,,,,,,,,,,,,,,,,,,,,
10.56666667,2014,10,17,Japan,,,,,,,,,,,,,,52.1,10.7,0.69,0.05,,,,,,,,,,,,,,,,,,,,,,,,,,,,,,
10.63333333,2014,10,19,Japan,,,,,,,,,,,,,,39.6,7.7,0.92,0.04,,,,,,,,,,,,,,,,,,,,,,,,,,,,,,
10.83333333,2016,10,25,Japan,,,,,,,,,,,,,,,,,,,47.3,3.9,,,,,,,,,,,,,,,,,,,,,,,,,,,
10.2,2016,10,6,Japan,,,,,,,,,,,,,,,,,,,53.2,5.4,,,,,,,,,,,,,,,,,,,,,,,,,,,
10.63333333,2014,10,19,Japan,,,,,,,,,,,,,,56.2,11.5,0.89,0.06,,,,,,,,,,,,,,,,,,,,,,,,,,,,,,
10.2,2016,10,6,Japan,,,,,,,,,,,,,,,,,,,21.8,12,,,,,,,,,,,,,,,,,,,,,,,,,,,
10.3,2014,10,9,Japan,,,,,,,,,,,,,15,,,,,,,,,,,,,,,,,,,,,,,,,,,,,,,,,,
10.2,2016,10,6,Japan,,,,,,,,,,,,,,,,,,,10.6,2.5,,,,,,,,,,,,,,,,,,,,,,,,,,,
10.2,2016,10,6,Japan,,,,,,,,,,,,,,,,,,,4.1,2,,,,,,,,,,,,,,,,,,,,,,,,,,,
10.56666667,2016,10,17,Japan,,,,,,,,,,,,,,,,,,,8.6,4.3,,,,,,,,,,,,,,,,,,,,,,,,,,,
10.3,2014,10,9,Japan,,,,,,,,,,239,286,301,,,,,,2.3,,,,,,,,,,,,,,,,,,,,,,,,,,,,,
10.63333333,2014,10,19,Japan,,,,,,,,,,,,,,37.6,11.9,0.82,0.1,,,,,,,,,,,,,,,,,,,,,,,,,,,,,,
10.73333333,2016,10,22,Japan,,,,,,,,,,,,,,,,,,,35.5,5.7,,,,,,,,,,,,,,,,,,,,,,,,,,,
10.13333333,2016,10,4,Japan,,,,,,,,,,,,,,,,,,,33.5,9.4,,,,,,,,,,,,,,,,,,,,,,,,,,,
10.83333333,2018,10,25,Madagascar,24,0.39,0.127,16.9,6.52,2.97,0.17,21.4,6,236,290,307,35,40.9,11.6,3.37,0.43,5.8,22.1,2.5,,,,,,,,,,,,,,,,,,,,,,,,,,,
10.83333333,2018,10,25,Madagascar,17,0.359,0.02,8.46,0.52,0.97,0.03,65.3,3.9,189,268,292,24,27,0.9,4.31,0.06,6.6,,,,,,,,,,,,,,,,,,,,,,,,,,,,,
10.83333333,2018,10,25,Madagascar,8,0.303,0.059,9.28,2.01,1.47,0.01,35.6,8.3,,,,33,51.8,2.8,1.2,0.03,,,,,,,,,,,,,,,,,,,,,,,,,,,,,,
10.96666667,2018,10,29,Madagascar,33,0.285,0.041,14.6,1.3,1.73,0.07,27.2,3.2,229,281,300,27,51.6,1,3.92,0.06,5.7,44.8,3.7,,,,,,,,,,,,,,,,,,,,,,,,,,,
10.96666667,2018,10,29,Madagascar,,0.284,0.08,8.73,0.76,1.17,0.14,42.8,6.9,212,278,298,30,29.6,2,3.31,0.1,6.1,45,4.7,,,,,,,,,,,,,,,,,,,,,,,,,,,
10.83333333,2018,10,25,Madagascar,18,0.257,0.046,10.6,0.47,1.21,0.11,35.3,3.4,216,278,297,43,36.1,1,4.13,0.06,5.8,41.5,2.4,,,,,,,,,,,,,,,,,,,,,,,,,,,
10.83333333,2018,10,25,Madagascar,25,0.25,0.057,13.1,1.6,1.9,0.2,23.7,2.9,236,292,309,30,51.9,6.2,3.96,0.19,4.6,27.2,9,,,,,,,,,,,,,,,,,,,,,,,,,,,
10.96666667,2018,10,29,Madagascar,12,0.229,0.033,11.7,1.25,1.46,0.1,25.2,3.4,199,268,290,31,42.5,1.2,3.44,0.03,7.1,43.9,4.4,,,,,,,,,,,,,,,,,,,,,,,,,,,
10.83333333,2018,10,25,Madagascar,,0.223,0.058,10.2,1.18,1.3,0.05,26.3,6.8,235,284,304,22,42.3,5.4,1.78,0.14,5.8,37.6,4,,,,,,,,,,,,,,,,,,,,,,,,,,,
10.83333333,2018,10,25,Madagascar,15,0.217,0.084,8.21,1.02,1.15,0.23,30.5,6.2,212,275,296,28,38,1.6,3.47,0.11,4.8,45.5,3.8,,,,,,,,,,,,,,,,,,,,,,,,,,,
10.9,2018,10,27,Madagascar,7,0.182,0.057,9.81,1.8,1.56,0.17,21,2.7,,,,19,57.8,4.8,1.06,0.04,,34.3,4,,,,,,,,,,,,,,,,,,,,,,,,,,,
10.83333333,2018,10,25,Madagascar,25,0.181,0.052,8.78,2.15,1.63,0.17,22.5,5.6,223,282,303,33,45.4,6,3.86,0.2,4.9,,,,,,,,,,,,,,,,,,,,,,,,,,,,,
10.83333333,2018,10,25,Madagascar,10,0.18,0.074,16.1,2.38,1.68,0.1,17.6,6.1,243,299,319,43,53.6,4.5,1.73,0.08,4.7,7.8,2.9,,,,,,,,,,,,,,,,,,,,,,,,,,,
10.86666667,2018,10,26,Madagascar,13,0.176,0.035,11.1,1.41,1.64,0.23,21.5,1.1,,,,,40.2,2.7,1.47,0.03,,,,,,,,,,,,,,,,,,,,,,,,,,,,,,
10.9,2018,10,27,Madagascar,8,0.172,0.076,8.91,1.29,1.31,0.19,23.5,5.5,,,,23,45.3,2.1,1.45,0.04,,35.2,11.1,,,,,,,,,,,,,,,,,,,,,,,,,,,
10.96666667,2018,10,29,Madagascar,38,0.166,0.022,11.1,2.15,1.35,0.18,21.1,1.3,235,285,304,24,47.5,9.7,6.69,0.63,5.8,43.3,3.6,,,,,,,,,,,,,,,,,,,,,,,,,,,
10.83333333,2018,10,25,Madagascar,10,0.165,0.042,16.1,1.7,1.54,0.13,16.9,2.5,239,284,304,42,53.8,3.9,1.92,0.08,4.6,6,2.3,,,,,,,,,,,,,,,,,,,,,,,,,,,
10.9,2018,10,27,Madagascar,6,0.146,0.041,9.02,0.88,1.02,0.13,26.1,5.2,,,,25,33.6,2,2.23,0.04,,39.3,5.3,,,,,,,,,,,,,,,,,,,,,,,,,,,
10.86666667,2018,10,26,Madagascar,12,0.144,0.07,12.9,1.65,1.57,0.25,17.7,5.6,232,286,305,25,38.7,2.6,2.25,0.07,6.3,45,4.5,,,,,,,,,,,,,,,,,,,,,,,,,,,
10.9,2018,10,27,Madagascar,15,0.142,0.049,14,2.25,1.63,0.05,16.5,6.1,222,293,317,28,54.3,2.7,2.49,0.06,3.6,,,,,,,,,,,,,,,,,,,,,,,,,,,,,
10.96666667,2018,10,29,Madagascar,20,0.137,0.045,11.5,1.12,1.17,0.13,19.9,4.1,211,278,298,26,41.6,1.4,2.8,0.03,6.8,24.9,4.5,,,,,,,,,,,,,,,,,,,,,,,,,,,
10.83333333,2018,10,25,Madagascar,25,0.131,0.049,9.93,2.82,1.55,0.16,15.7,4.2,231,289,307,24,52.9,3.7,3.51,0.14,5.3,,,,,,,,,,,,,,,,,,,,,,,,,,,,,
10.96666667,2018,10,29,Madagascar,14,0.118,0.026,9.77,1.25,0.97,0.03,19.6,3.2,222,288,309,27,45.1,5.8,2.49,0.2,6,21.4,2.6,,,,,,,,,,,,,,,,,,,,,,,,,,,
10.83333333,2018,10,25,Madagascar,17,0.105,0.037,8.66,4.94,1.32,0.17,17.7,7.3,254,284,300,29,58.7,7.3,0.38,0.02,6,48.6,2.6,,,,,,,,,,,,,,,,,,,,,,,,,,,
10.83333333,2018,10,25,Madagascar,23,0.095,0.032,6.7,0.29,0.53,0.08,25.3,5.1,240,290,308,34,50.8,1.9,2.63,0.05,5.6,20.8,4.9,,,,,,,,,,,,,,,,,,,,,,,,,,,
10.86666667,2018,10,26,Madagascar,21,0.089,0.033,10.5,1.51,0.96,0.1,14.5,3.3,,,,,42.1,3.9,1.25,0.05,,,,,,,,,,,,,,,,,,,,,,,,,,,,,,
11.06666667,2016,11,2,China,,0.246,0.024,15.7,3.08,2.22,0.15,21.5,1.3,,,,15,42.6,4.9,2.26,0.06,,46,1.2,,,,,,,,,,,,,,,,,,,,,,,,,,,
11.06666667,2016,11,2,China,,0.092,0.024,9.05,2.08,1.12,0.14,16.9,2.7,239,285,304,15,52.6,10.9,2.68,0.03,5.1,,,,,,,,,,,,,,,,,,,,,,,,,,,,,
11.06666667,2016,11,2,China,,,,,,,,,,212,275,297,16,40,18.6,2.08,0.37,9.9,,,,,,,,,,,,,,,,,,,,,,,,,,,,,
11.66666667,2015,11,20,Japan,18,0.179,0.035,11.7,1.9,1.48,0.28,22.7,0.9,246,288,306,20,38.3,9.1,4.55,0.07,7.3,48.4,10.1,,,,,,,,,,,,,,,,,,,,,,,,,,,
11.63333333,2015,11,19,Japan,7,0.174,0.06,16.4,3.5,1.87,0.19,18.7,6,,,,,66.8,9.1,0.33,0.02,,,,,,,,,,,,,,,,,,,,,,,,,,,,,,
11.63333333,2015,11,19,Japan,7,0.165,0.035,9.5,2.4,1.31,0.26,25.1,5.9,,,,19,31.6,10.3,1.63,0.27,,27.3,4.6,,,,,,,,,,,,,,,,,,,,,,,,,,,
11.23333333,2016,11,7,Japan,4,0.14,0.051,2.44,0.63,1.23,0.17,30.9,7.4,189,207,261,19,72.7,9.1,0.65,0.04,3.9,,,,,,,,,,,,,,,,,,,,,,,,,,,,,
11.66666667,2015,11,20,Japan,8,0.127,0.038,6.85,2.3,1.03,0.24,25.3,2.4,250,295,316,30,31.1,6.5,2.7,0.39,1.9,37.3,4.7,,,,,,,,,,,,,,,,,,,,,,,,,,,
11.66666667,2015,11,20,Japan,12,0.114,0.04,13.7,1.5,1.35,0.15,16.5,4.5,,,,21,36.3,12.8,0.81,0.07,,,,,,,,,,,,,,,,,,,,,,,,,,,,,,
11.63333333,2015,11,19,Japan,4,0.095,0.022,8.1,3.7,0.81,0.1,20.8,3.4,,,,,47.9,7.9,0.89,0.06,,,,,,,,,,,,,,,,,,,,,,,,,,,,,,
11.66666667,2015,11,20,Japan,6,0.093,0.026,7.1,0.47,0.99,0.05,20.5,4,,,,18,41.4,2.3,1.61,0.04,,,,,,,,,,,,,,,,,,,,,,,,,,,,,,
11.23333333,2016,11,7,Japan,4,0.088,0.027,3.41,0.03,0.81,0.19,24.5,1.3,235,282,305,15,77.9,14.1,0.64,0.05,,31.8,6.8,,,,,,,,,,,,,,,,,,,,,,,,,,,
11.93333333,2016,11,28,Japan,5,0.085,0.01,4.42,1.17,0.76,0.06,18.5,4.9,,,,16,47.8,14.9,0.64,0.02,,,,,,,,,,,,,,,,,,,,,,,,,,,,,,
11.66666667,2015,11,20,Japan,5,0.07,0.019,11.1,3.8,0.78,0.09,13.1,5,187,213,243,17,47.8,15.5,0.73,0.07,13,,,,,,,,,,,,,,,,,,,,,,,,,,,,,
11.23333333,2016,11,7,Japan,6,0.07,0.038,10.6,2.81,0.9,0.1,10.8,3.6,,,,,36.7,3.8,0.57,0.03,,,,,,,,,,,,,,,,,,,,,,,,,,,,,,
11.23333333,2016,11,7,Japan,7,0.058,0.013,5.01,1.2,0.91,0.21,13.2,2.8,196,276,299,16,61.9,12.4,0.68,0.04,,,,,,,,,,,,,,,,,,,,,,,,,,,,,,
11.93333333,2016,11,28,Japan,7,0.043,0.014,2.09,0.61,0.53,0.06,18.4,3.7,198,245,277,16,25.7,3.7,0.89,0.03,10.6,,3,,,,,,,,,,,,,,,,,,,,,,,,,,,
11.23333333,2016,11,7,Japan,2,0.036,0.012,2.75,0.66,0.65,0.1,14.6,4,,,,,42.1,8,0.56,0.03,,,,,,,,,,,,,,,,,,,,,,,,,,,,,,
11.93333333,2016,11,28,Japan,7,0.028,0.009,2.11,0.81,0.46,0.06,14.7,3.2,193,261,293,15,68.8,8.3,0.7,0.04,11.5,,,,,,,,,,,,,,,,,,,,,,,,,,,,,
11.93333333,2016,11,28,Japan,7,0.014,0.002,5.46,0.86,0.49,0.05,6.9,0.4,,,,20,61.5,10.1,0.77,0.07,,,,,,,,,,,,,,,,,,,,,,,,,,,,,,
11.93333333,2016,11,28,Japan,9,0.014,0.004,2.85,0.55,0.31,0.06,9.8,1.5,,,,22,39,8.5,1.45,0.15,,,,,,,,,,,,,,,,,,,,,,,,,,,,,,
11.66666667,2015,11,20,Japan,3,,,,,,,,,,,,19,,,,,,,,,,,,,,,,,,,,,,,,,,,,,,,,,,
11.26666667,2016,11,8,Japan,5,,,,,,,,,,,,,34.6,2.1,2.53,0.03,,,,,,,,,,,,,,,,,,,,,,,,,,,,,,
11.93333333,2016,11,28,Japan,2,,,,,,,,,,,,,57.3,22.9,0.59,0.03,,,,,,,,,,,,,,,,,,,,,,,,,,,,,,
11.66666667,2016,11,20,Japan,,,,,,,,,,,,,,,,,,,6.6,4.7,,,,,,,,,,,,,,,,,,,,,,,,,,,
12.26666667,2014,12,8,Japan,,0.292,0.04,7,2.5,1.72,0.33,41.8,6.8,,,,26,39.6,10.4,2.75,0.09,,,,,,,,,,,,,,,,,,,,,,,,,,,,,,
12.26666667,2014,12,8,Japan,,0.245,0.094,6.5,1.4,1.74,0.8,32.7,7.4,,,,,37.2,17.1,1.89,0.18,,,,,,,,,,,,,,,,,,,,,,,,,,,,,,
12.3,2017,12,9,Japan,11,0.206,0.033,7.14,1.61,1.5,0.15,25.9,1.8,235,286,302,30,41.2,3.6,2.2,0.14,9,43.2,7.4,,,,,,,,,,,,,,,,,,,,,,,,,,,
12.23333333,2017,12,7,Japan,13,0.204,0.101,10.1,1.58,1.91,0.26,21.9,8.5,209,265,288,36,50.1,6.9,0.46,0.03,7,24.2,5.3,,,,,,,,,,,,,,,,,,,,,,,,,,,
12.26666667,2017,12,8,Japan,,0.183,0.051,13.3,1.45,1.84,0.18,19,3.1,267,288,306,15,57,6.4,0.43,0.02,11.1,,,,,,,,,,,,,,,,,,,,,,,,,,,,,
12.26666667,2014,12,8,Japan,,0.128,0.032,6.17,0.79,0.92,0.15,25.7,3.7,,,,,41,7.8,1.72,0.13,,,,,,,,,,,,,,,,,,,,,,,,,,,,,,
12.26666667,2017,12,8,Japan,3,0.118,0.019,10.9,4.11,1.45,0.07,18.2,4.4,,,,,46.1,6.7,0.45,0.04,,,,,,,,,,,,,,,,,,,,,,,,,,,,,,
12.26666667,2014,12,8,Japan,,0.09,0.013,3.15,0.7,0.52,0.08,36.1,7.5,,,,,18.7,2.8,4.63,0.48,,,,,,,,,,,,,,,,,,,,,,,,,,,,,,
12.26666667,2017,12,8,Japan,3,0.068,0.027,3.26,0.77,0.76,0.12,19.8,4.3,,,,,60.9,7.1,0.38,0.02,,,,,,,,,,,,,,,,,,,,,,,,,,,,,,
12.3,2017,12,9,Japan,8,0.066,0.036,12,3.15,1.05,0.2,10.7,3.1,215,273,297,36,62.7,9,0.28,0.01,4.5,,,,,,,,,,,,,,,,,,,,,,,,,,,,,
12.13333333,2016,12,4,Japan,,,,,,,,,,,,,,,,,,,1.8,1.6,,,,,,,,,,,,,,,,,,,,,,,,,,,
